a,b,label
0.23,0.07,0.016100000000000003
0.22,0.39,0.0858
-0.78,0.26,-0.2028
-0.79,-0.67,0.5293000000000001
-0.71,0.52,-0.3692
0.41,0.96,0.39359999999999995
-0.65,0.27,-0.17550000000000002
0.6,-0.95,-0.57
-0.33,0.42,-0.1386
-0.68,0.69,-0.4692
0.69,0.99,0.6830999999999999
-0.21,0.21,-0.04409999999999999
0.93,0.8,0.7440000000000001
-0.68,0.56,-0.3808000000000001
0.07,-0.21,-0.014700000000000001
0.44,-0.57,-0.25079999999999997
0.78,0.24,0.1872
0.94,-0.41,-0.38539999999999996
-0.58,0.28,-0.16240000000000002
-0.74,-0.4,0.296
-0.36,0.29,-0.10439999999999999
0.53,0.26,0.1378
-0.56,-0.4,0.22400000000000003
0.76,0.3,0.22799999999999998
0.36,0.79,0.2844
0.66,-0.55,-0.36300000000000004
-0.77,0.14,-0.1078
0.05,0.86,0.043000000000000003
-0.66,-0.62,0.4092
-0.62,0.88,-0.5456
0.23,-0.51,-0.1173
0.17,0.19,0.0323
-0.45,-0.69,0.3105
-0.82,0.26,-0.2132
-0.23,-0.09,0.0207
0.16,-0.66,-0.10560000000000001
0.03,-0.15,-0.0045
-0.97,-0.09,0.08729999999999999
-0.38,0.26,-0.0988
0.1,0.7,0.06999999999999999
-0.27,0.39,-0.1053
0.3,0.0,0.0
-0.18,0.67,-0.1206
-0.19,-0.57,0.1083
0.58,0.75,0.43499999999999994
0.53,0.53,0.28090000000000004
0.94,0.55,0.517
0.38,-0.27,-0.10260000000000001
0.84,0.15,0.126
-0.42,-0.25,0.105
0.61,0.78,0.4758
0.45,-0.28,-0.12600000000000003
0.02,0.89,0.0178
-0.65,0.53,-0.34450000000000003
0.08,0.5,0.04
0.12,0.48,0.0576
0.77,-0.97,-0.7469
-1.0,-0.1,0.1
-0.06,0.83,-0.0498
0.52,-0.29,-0.1508
0.47,-0.48,-0.22559999999999997
-0.92,0.99,-0.9108
-0.49,-0.3,0.147
0.68,-0.87,-0.5916
-0.32,0.31,-0.0992
-0.7,0.24,-0.16799999999999998
-0.51,0.58,-0.2958
0.93,0.57,0.5301
-0.43,-0.22,0.0946
-0.07,-0.47,0.0329
0.49,-0.49,-0.24009999999999998
0.14,-0.45,-0.06300000000000001
0.94,-0.42,-0.3948
-0.79,-0.96,0.7584
-0.75,-1.0,0.75
-0.35,-0.75,0.26249999999999996
0.02,-0.97,-0.0194
-0.94,0.24,-0.22559999999999997
-0.16,-0.27,0.0432
0.11,-0.05,-0.0055000000000000005
0.87,0.95,0.8265
0.92,0.06,0.0552
0.29,0.06,0.0174
-0.03,0.86,-0.0258
-0.42,-0.07,0.029400000000000003
0.48,-0.14,-0.06720000000000001
0.56,-0.77,-0.4312
0.29,-1.0,-0.29
0.49,-0.2,-0.098
-0.78,-0.76,0.5928
0.88,0.16,0.1408
0.43,0.67,0.2881
0.79,-0.22,-0.1738
0.36,0.71,0.2556
-0.36,-0.06,0.021599999999999998
-0.91,0.22,-0.20020000000000002
-0.88,0.77,-0.6776
0.04,0.59,0.0236
0.62,0.76,0.4712
-0.27,-0.82,0.2214
0.77,0.26,0.20020000000000002
-0.29,-0.52,0.1508
0.63,-0.45,-0.28350000000000003
0.21,0.81,0.1701
0.43,-0.56,-0.24080000000000001
-0.48,0.21,-0.10079999999999999
-0.67,-0.37,0.2479
-1.0,0.06,-0.06
0.67,-0.34,-0.22780000000000003
-0.12,-0.57,0.06839999999999999
0.78,0.67,0.5226000000000001
-0.88,-0.5,0.44
-0.39,-0.57,0.2223
-0.03,-0.1,0.003
-0.14,-0.33,0.046200000000000005
0.05,-0.49,-0.0245
0.12,-0.54,-0.0648
0.87,0.37,0.3219
-0.8,-0.98,0.784
-0.22,-0.13,0.0286
0.14,-0.54,-0.07560000000000001
-1.0,-0.86,0.86
-0.29,-0.37,0.10729999999999999
0.86,0.54,0.46440000000000003
0.72,0.55,0.396
-0.23,0.55,-0.12650000000000003
0.35,0.2,0.06999999999999999
-0.15,0.86,-0.129
-0.71,-1.0,0.71
0.21,0.26,0.0546
-0.27,0.43,-0.11610000000000001
-0.46,0.5,-0.23
0.96,0.97,0.9311999999999999
-0.62,-0.29,0.1798
-0.14,-0.65,0.09100000000000001
0.38,0.5,0.19
-0.89,0.79,-0.7031000000000001
-0.35,-0.99,0.3465
-0.32,-0.36,0.1152
-0.46,-0.97,0.4462
-0.77,-0.08,0.0616
0.53,-0.26,-0.1378
0.67,-0.37,-0.2479
0.35,0.84,0.294
-0.74,0.6,-0.444
0.3,0.28,0.084
0.57,0.69,0.3932999999999999
0.39,0.69,0.2691
-0.66,0.99,-0.6534
0.54,0.71,0.3834
0.83,0.31,0.2573
-0.2,-0.07,0.014000000000000002
0.39,0.96,0.3744
0.08,-0.63,-0.0504
0.37,0.99,0.3663
-0.79,-0.9,0.7110000000000001
-0.18,0.21,-0.0378
0.38,-0.34,-0.1292
-0.58,0.15,-0.087
0.06,-0.86,-0.0516
0.45,-0.23,-0.10350000000000001
0.81,-0.15,-0.1215
-0.25,0.11,-0.0275
-0.03,0.96,-0.0288
-0.07,-0.7,0.049
-0.07,-0.81,0.05670000000000001
-0.35,-0.91,0.3185
0.85,0.44,0.374
0.09,0.3,0.027
0.48,-0.86,-0.4128
-0.7,0.16,-0.11199999999999999
0.82,-0.44,-0.36079999999999995
-0.52,-0.7,0.364
-0.58,-0.91,0.5277999999999999
-0.42,0.05,-0.021
0.44,-0.75,-0.33
-0.15,-0.34,0.051000000000000004
0.39,0.61,0.2379
-0.29,-0.88,0.2552
0.47,-0.31,-0.1457
0.18,0.12,0.021599999999999998
-0.87,0.15,-0.1305
0.56,0.88,0.49280000000000007
0.95,-0.52,-0.494
0.76,-0.32,-0.2432
-0.67,0.56,-0.37520000000000003
-0.11,0.73,-0.0803
0.84,0.72,0.6048
0.92,0.41,0.3772
-0.31,-0.63,0.1953
-0.65,0.36,-0.23399999999999999
-0.32,-0.38,0.1216
0.82,-0.21,-0.1722
0.64,0.02,0.0128
0.57,0.86,0.49019999999999997
-0.23,-0.61,0.1403
-0.91,-0.16,0.1456
-0.66,-0.87,0.5742
0.96,0.83,0.7968
-0.13,0.4,-0.052000000000000005
-0.35,0.83,-0.2905
0.48,0.04,0.0192
0.33,-0.63,-0.2079
-0.26,0.22,-0.0572
0.68,0.65,0.44200000000000006
-0.05,0.09,-0.0045
-0.18,-0.89,0.1602
-0.72,0.66,-0.4752
0.78,-0.76,-0.5928
0.56,-0.04,-0.022400000000000003
-0.69,-0.52,0.3588
0.75,0.24,0.18
0.38,0.38,0.1444
-0.28,-0.14,0.039200000000000006
-0.29,0.85,-0.24649999999999997
-0.29,0.71,-0.20589999999999997
-0.37,-0.69,0.25529999999999997
0.33,0.05,0.0165
-0.43,0.09,-0.0387
-0.94,-0.94,0.8835999999999999
-0.9,-0.87,0.783
0.27,-0.83,-0.2241
0.14,0.71,0.0994
0.01,0.13,0.0013000000000000002
-0.36,-0.61,0.2196
0.05,-0.57,-0.028499999999999998
-1.0,-0.44,0.44
-0.49,0.52,-0.2548
0.89,-0.67,-0.5963
-0.1,0.9,-0.09000000000000001
0.47,0.23,0.1081
0.24,-0.53,-0.1272
-0.42,0.07,-0.029400000000000003
0.51,-0.33,-0.1683
-0.7,-0.67,0.469
-0.35,-1.0,0.35
0.13,0.18,0.0234
-0.85,-0.01,0.0085
0.13,-0.99,-0.1287
-0.45,-0.24,0.108
-0.44,-0.18,0.07919999999999999
0.32,0.12,0.0384
0.67,-0.21,-0.1407
-0.88,0.53,-0.46640000000000004
0.19,0.82,0.1558
0.3,0.21,0.063
0.64,0.6,0.384
0.23,0.56,0.12880000000000003
-0.53,0.69,-0.36569999999999997
-0.39,0.32,-0.12480000000000001
0.44,0.36,0.15839999999999999
-0.75,0.09,-0.0675
0.24,-0.98,-0.2352
0.43,-0.25,-0.1075
-0.72,-0.86,0.6192
0.54,-0.6,-0.324
0.47,0.1,0.047
-0.21,0.85,-0.1785
-0.39,-0.94,0.3666
0.75,-0.02,-0.015
-0.9,-0.54,0.48600000000000004
-0.58,0.75,-0.43499999999999994
0.13,-0.77,-0.10010000000000001
-0.24,-0.93,0.2232
-0.96,-0.5,0.48
-0.88,0.24,-0.2112
-0.68,0.75,-0.51
-0.9,0.3,-0.27
-0.85,-0.93,0.7905
-0.74,0.12,-0.08879999999999999
0.8,0.44,0.35200000000000004
-0.94,0.59,-0.5546
-0.63,0.65,-0.40950000000000003
0.1,0.42,0.042
0.39,-0.74,-0.2886
-0.77,-0.88,0.6776
-0.2,-0.07,0.014000000000000002
0.38,0.78,0.2964
-0.19,0.17,-0.0323
0.04,0.56,0.022400000000000003
-0.58,0.43,-0.24939999999999998
-0.64,-0.47,0.3008
-0.8,0.21,-0.168
0.32,-0.24,-0.0768
-0.7,0.27,-0.189
0.77,0.89,0.6853
0.44,-0.49,-0.21559999999999999
0.7,0.24,0.16799999999999998
-0.59,0.4,-0.236
0.03,-0.69,-0.020699999999999996
-0.18,0.06,-0.010799999999999999
-0.7,0.56,-0.392
0.82,0.98,0.8036
-0.31,-0.41,0.1271
-0.13,0.15,-0.0195
-0.72,0.73,-0.5256
0.77,-0.71,-0.5467
0.9,0.48,0.432
-0.84,-0.87,0.7308
-0.8,0.65,-0.52
-0.47,0.2,-0.094
0.31,-0.4,-0.124
-0.25,-1.0,0.25
0.39,-0.64,-0.24960000000000002
0.75,-0.98,-0.735
0.35,-0.82,-0.287
0.17,0.59,0.1003
0.41,-0.29,-0.11889999999999998
0.2,0.39,0.07800000000000001
-0.56,-0.77,0.4312
-0.76,-0.49,0.3724
-0.82,0.57,-0.4673999999999999
-0.57,-0.44,0.25079999999999997
-0.2,-0.79,0.15800000000000003
-0.85,0.1,-0.085
-0.07,0.3,-0.021
0.86,-0.62,-0.5332
-0.58,-0.77,0.4466
-0.61,-0.11,0.06709999999999999
-0.5,-0.53,0.265
-0.81,0.09,-0.0729
0.65,0.99,0.6435
0.12,0.36,0.043199999999999995
-0.26,0.05,-0.013000000000000001
-0.45,0.27,-0.12150000000000001
-0.3,-0.82,0.24599999999999997
0.05,0.28,0.014000000000000002
-0.86,-0.63,0.5418
0.6,-0.03,-0.018
0.89,0.94,0.8366
-0.85,-0.75,0.6375
-0.6,0.28,-0.168
-0.48,-0.38,0.1824
0.93,-0.22,-0.2046
0.53,-0.68,-0.36040000000000005
0.63,0.78,0.4914
0.76,0.67,0.5092
0.88,0.63,0.5544
-0.99,-1.0,0.99
-0.97,0.82,-0.7953999999999999
0.24,0.99,0.23759999999999998
-0.22,0.41,-0.09019999999999999
0.13,0.77,0.10010000000000001
-0.13,0.34,-0.0442
-0.79,-0.56,0.44240000000000007
-0.95,0.07,-0.0665
0.68,-0.28,-0.19040000000000004
0.97,0.04,0.0388
-0.49,0.03,-0.0147
0.59,0.46,0.2714
-0.66,0.66,-0.43560000000000004
0.88,0.87,0.7656
0.45,-0.22,-0.099
0.41,-0.99,-0.4059
-0.52,0.26,-0.13520000000000001
-0.77,-0.81,0.6237
0.01,0.03,0.0003
0.35,0.76,0.26599999999999996
-0.22,-0.08,0.0176
0.33,0.79,0.26070000000000004
0.23,0.2,0.046000000000000006
0.79,-0.33,-0.26070000000000004
-0.39,-0.61,0.2379
0.62,-0.8,-0.496
-0.33,-0.14,0.046200000000000005
-0.23,0.72,-0.1656
-0.05,0.05,-0.0025000000000000005
0.32,0.75,0.24
-0.11,-0.75,0.0825
0.02,-0.19,-0.0038
-0.19,0.31,-0.0589
0.85,0.63,0.5355
-0.53,0.53,-0.28090000000000004
0.89,-0.83,-0.7387
-0.73,-0.29,0.21169999999999997
-0.25,-0.42,0.105
-0.63,-0.35,0.22049999999999997
-0.51,-0.94,0.4794
0.13,0.47,0.0611
0.17,-0.92,-0.1564
-0.15,-0.09,0.0135
0.4,-0.93,-0.37200000000000005
0.03,0.35,0.010499999999999999
-0.21,-0.91,0.1911
0.04,0.1,0.004
0.66,-0.85,-0.561
0.1,-0.56,-0.05600000000000001
-0.18,0.03,-0.005399999999999999
-0.7,-0.3,0.21
-0.85,0.25,-0.2125
0.61,0.16,0.0976
-0.92,0.38,-0.3496
-0.29,0.1,-0.028999999999999998
0.41,0.22,0.09019999999999999
0.47,0.9,0.423
-0.91,0.12,-0.1092
0.66,0.91,0.6006
-0.71,-0.7,0.49699999999999994
0.0,0.44,0.0
0.59,-0.33,-0.1947
0.35,0.84,0.294
-0.15,0.23,-0.0345
0.23,-0.06,-0.0138
-0.85,-0.13,0.1105
0.76,0.28,0.21280000000000002
0.24,0.53,0.1272
0.01,-0.47,-0.0047
0.95,0.92,0.874
-0.36,-0.96,0.34559999999999996
0.66,-0.18,-0.1188
-0.69,0.93,-0.6416999999999999
0.18,0.18,0.0324
0.22,-0.95,-0.209
-0.62,-0.5,0.31
-0.12,-0.29,0.0348
0.43,-0.5,-0.215
-0.16,0.09,-0.0144
0.7,0.82,0.574
0.29,-0.09,-0.026099999999999998
0.96,0.59,0.5663999999999999
-0.92,0.33,-0.30360000000000004
-0.11,0.14,-0.015400000000000002
-0.31,-0.6,0.186
0.21,0.53,0.1113
0.7,-0.21,-0.147
0.87,0.1,0.08700000000000001
0.83,0.66,0.5478
-0.08,-0.05,0.004
-0.48,-0.81,0.38880000000000003
0.66,-0.44,-0.2904
0.0,0.56,0.0
-0.74,-0.06,0.044399999999999995
0.67,-0.18,-0.1206
0.57,-0.49,-0.2793
-0.69,0.85,-0.5864999999999999
0.95,-0.42,-0.39899999999999997
-0.91,0.61,-0.5551
0.29,0.89,0.2581
0.2,-0.43,-0.08600000000000001
-0.84,-0.81,0.6804
-0.29,0.38,-0.11019999999999999
0.36,0.17,0.061200000000000004
0.34,0.76,0.2584
0.41,0.77,0.3157
0.97,0.78,0.7566
-0.01,0.49,-0.0049
-0.5,0.61,-0.305
-0.58,-0.76,0.44079999999999997
-0.43,-0.6,0.258
-0.73,-0.04,0.0292
-0.84,-0.04,0.0336
0.08,0.59,0.0472
-0.3,0.27,-0.081
-0.19,0.57,-0.1083
-0.43,0.17,-0.0731
-0.11,-0.86,0.0946
0.02,0.71,0.014199999999999999
-0.1,-0.4,0.04000000000000001
-0.77,-0.99,0.7623
-0.13,-0.22,0.0286
0.4,-0.61,-0.244
-0.28,-0.4,0.11200000000000002
-0.41,-0.13,0.0533
0.86,-0.57,-0.49019999999999997
0.47,0.0,0.0
-0.46,0.4,-0.18400000000000002
-0.13,0.48,-0.0624
0.99,0.81,0.8019000000000001
0.67,0.18,0.1206
0.38,0.89,0.3382
0.7,-0.11,-0.077
0.82,-0.68,-0.5576
0.9,0.41,0.369
-0.21,-0.09,0.0189
0.24,-0.93,-0.2232
-0.46,0.74,-0.34040000000000004
-0.09,0.49,-0.0441
-0.12,-0.1,0.012
-0.18,-0.34,0.061200000000000004
0.48,0.02,0.0096
-0.81,-0.96,0.7776000000000001
0.06,-0.04,-0.0024
0.96,-0.85,-0.816
-0.36,-0.52,0.1872
0.65,-0.54,-0.35100000000000003
-0.73,0.92,-0.6716
0.43,0.2,0.08600000000000001
-0.7,-0.02,0.013999999999999999
0.06,0.43,0.0258
0.86,0.64,0.5504
0.29,0.99,0.28709999999999997
-0.54,0.05,-0.027000000000000003
-0.87,0.62,-0.5394
0.72,-0.52,-0.3744
-0.82,0.01,-0.008199999999999999
-0.46,-0.85,0.391
-0.23,-0.77,0.1771
-0.86,-0.12,0.1032
0.3,0.96,0.288
-0.65,0.52,-0.338
0.1,0.08,0.008
-0.64,0.46,-0.2944
-0.61,-0.75,0.4575
0.53,0.22,0.11660000000000001
-0.33,-0.99,0.3267
0.28,-0.76,-0.21280000000000002
0.37,-0.76,-0.2812
-0.46,-0.76,0.3496
0.61,0.83,0.5063
-0.45,0.8,-0.36000000000000004
-0.76,-0.74,0.5624
0.75,0.28,0.21000000000000002
-1.0,0.3,-0.3
0.79,0.25,0.1975
-0.24,-0.68,0.1632
-0.12,0.81,-0.09720000000000001
0.33,-0.35,-0.11549999999999999
0.42,0.96,0.40319999999999995
-0.21,-0.88,0.1848
0.37,-0.62,-0.2294
-0.89,0.39,-0.3471
0.11,-0.5,-0.055
0.48,-0.9,-0.432
0.37,-0.86,-0.3182
0.56,-0.73,-0.40880000000000005
-0.55,0.12,-0.066
-0.36,0.89,-0.3204
-0.99,-0.06,0.059399999999999994
-0.71,0.79,-0.5609
0.29,0.26,0.0754
-0.44,-0.33,0.1452
0.7,-0.01,-0.006999999999999999
-0.62,-0.41,0.2542
0.02,0.0,0.0
0.27,-0.45,-0.12150000000000001
0.19,0.3,0.056999999999999995
-0.85,-0.26,0.221
0.13,0.14,0.0182
0.14,-0.14,-0.019600000000000003
0.32,0.5,0.16
0.26,0.94,0.2444
0.11,0.29,0.0319
-0.02,0.18,-0.0036
0.84,0.93,0.7812
0.02,-0.76,-0.0152
-0.44,0.18,-0.07919999999999999
-0.1,0.13,-0.013000000000000001
0.42,0.42,0.17639999999999997
0.15,-0.45,-0.0675
-0.82,0.85,-0.697
-0.25,0.81,-0.2025
-0.44,0.15,-0.066
0.48,0.27,0.1296
0.75,-0.39,-0.2925
-0.21,0.43,-0.09029999999999999
0.76,0.28,0.21280000000000002
0.65,-0.46,-0.29900000000000004
0.71,-0.21,-0.14909999999999998
0.02,-0.1,-0.002
-0.34,0.72,-0.24480000000000002
-0.21,0.95,-0.19949999999999998
-0.42,0.4,-0.168
0.16,-0.85,-0.136
-0.65,-0.71,0.46149999999999997
0.21,-0.54,-0.1134
0.02,-0.04,-0.0008
-0.99,-0.15,0.1485
-0.11,0.66,-0.0726
-0.72,-0.39,0.2808
0.73,-0.88,-0.6424
-0.22,0.57,-0.12539999999999998
-0.89,0.66,-0.5874
0.51,-0.23,-0.1173
0.71,0.75,0.5325
-0.94,-0.5,0.47
0.52,-0.8,-0.41600000000000004
-0.06,-0.51,0.0306
-0.29,-0.89,0.2581
0.12,0.53,0.0636
-0.49,0.35,-0.17149999999999999
0.27,0.89,0.2403
0.38,-1.0,-0.38
0.92,-0.73,-0.6716
-0.56,0.59,-0.3304
-0.16,0.4,-0.064
0.98,-0.19,-0.1862
0.07,0.62,0.0434
0.76,-0.73,-0.5548
-0.33,0.76,-0.2508
-0.42,0.23,-0.0966
0.22,-0.4,-0.08800000000000001
0.41,-0.35,-0.1435
0.44,-0.45,-0.198
0.48,0.58,0.2784
0.02,-0.05,-0.001
0.53,-0.12,-0.0636
-0.58,-0.97,0.5626
0.63,-0.84,-0.5292
0.83,-0.29,-0.24069999999999997
-0.74,-0.58,0.42919999999999997
0.48,0.31,0.1488
0.14,-0.21,-0.029400000000000003
-0.94,-0.69,0.6486
-0.08,-0.52,0.041600000000000005
-0.58,-0.42,0.24359999999999998
0.78,-0.38,-0.2964
0.84,-0.73,-0.6132
-0.48,0.83,-0.3984
0.85,0.49,0.4165
-0.34,0.54,-0.1836
0.57,-0.79,-0.4503
0.3,-0.55,-0.165
-0.68,-0.13,0.0884
-0.43,0.43,-0.18489999999999998
-0.22,0.62,-0.1364
-0.4,0.13,-0.052000000000000005
0.15,-0.8,-0.12
0.39,-0.55,-0.21450000000000002
-0.6,-0.98,0.588
0.98,-0.96,-0.9408
0.27,-0.32,-0.0864
0.04,-0.75,-0.03
0.24,0.8,0.192
-0.28,0.1,-0.028000000000000004
0.75,0.7,0.5249999999999999
0.55,0.74,0.40700000000000003
0.73,-0.79,-0.5767
-0.89,-0.54,0.4806
-0.93,0.15,-0.1395
-0.59,0.23,-0.1357
-0.17,0.08,-0.013600000000000001
0.56,-0.15,-0.084
0.39,0.98,0.3822
-0.31,-0.27,0.08370000000000001
0.16,-0.74,-0.1184
-0.26,0.78,-0.2028
-0.44,0.56,-0.24640000000000004
0.83,-0.16,-0.1328
-0.39,-0.4,0.15600000000000003
0.07,0.67,0.046900000000000004
0.6,-0.94,-0.564
-0.22,-0.15,0.033
-0.53,-0.88,0.46640000000000004
-0.81,-0.78,0.6318
-0.68,0.96,-0.6528
0.15,0.36,0.054
-0.11,-0.95,0.1045
0.31,0.04,0.0124
-0.44,0.66,-0.2904
0.32,-0.29,-0.0928
-0.1,0.78,-0.07800000000000001
0.78,-0.27,-0.2106
-0.59,-0.79,0.4661
-0.71,0.84,-0.5963999999999999
0.03,-0.64,-0.0192
0.31,-0.93,-0.2883
-0.41,0.08,-0.032799999999999996
-0.16,0.1,-0.016
0.6,0.62,0.372
0.41,-0.61,-0.2501
0.26,0.21,0.0546
-0.65,0.5,-0.325
-0.85,0.54,-0.459
0.84,-0.98,-0.8231999999999999
-0.75,-0.3,0.22499999999999998
0.05,-0.68,-0.034
-0.06,-0.3,0.018
0.95,0.75,0.7124999999999999
-0.11,0.64,-0.0704
-0.71,-0.73,0.5183
0.45,0.62,0.279
-0.84,-0.27,0.2268
-0.38,-0.89,0.3382
-0.12,-0.63,0.0756
-0.85,-0.06,0.051
-0.5,0.79,-0.395
-0.15,-0.91,0.1365
0.39,-0.95,-0.3705
0.1,0.57,0.056999999999999995
-0.61,0.62,-0.3782
-0.88,0.17,-0.1496
-0.37,0.74,-0.2738
-0.28,-0.52,0.1456
0.02,0.06,0.0012
0.06,0.2,0.012
0.58,-0.59,-0.34219999999999995
-0.76,-0.28,0.21280000000000002
0.72,0.78,0.5616
0.07,0.57,0.0399
-0.23,0.32,-0.0736
0.23,0.78,0.1794
-0.44,0.0,-0.0
-0.87,0.44,-0.3828
0.25,-0.1,-0.025
-0.53,0.37,-0.1961
-0.22,-0.74,0.1628
-0.42,-0.9,0.378
-0.09,0.04,-0.0036
-0.07,-0.99,0.0693
0.67,-0.69,-0.4623
0.37,-0.11,-0.0407
0.14,0.57,0.0798
-0.96,-0.41,0.39359999999999995
-0.66,0.02,-0.013200000000000002
-0.56,0.51,-0.2856
-0.75,-0.69,0.5175
0.93,0.95,0.8835
-0.63,-0.44,0.2772
-0.87,0.17,-0.1479
0.47,0.94,0.44179999999999997
-0.55,-0.4,0.22000000000000003
0.79,0.13,0.10270000000000001
0.63,0.6,0.378
0.64,0.96,0.6144
-0.74,-0.14,0.10360000000000001
0.83,0.06,0.0498
-0.36,-0.4,0.144
-0.54,-0.06,0.0324
-0.32,0.85,-0.272
0.21,-0.1,-0.021
0.94,-0.85,-0.7989999999999999
-0.63,0.81,-0.5103000000000001
0.63,-0.69,-0.4347
-0.15,0.75,-0.11249999999999999
-0.52,-0.47,0.2444
-0.79,0.08,-0.0632
-0.57,0.03,-0.017099999999999997
0.5,0.4,0.2
-0.81,-0.26,0.2106
-0.03,-0.98,0.0294
0.74,-0.24,-0.17759999999999998
0.84,-0.29,-0.24359999999999998
-0.17,-0.34,0.05780000000000001
-0.16,-0.21,0.0336
-0.09,0.23,-0.0207
-0.89,-0.83,0.7387
0.81,0.34,0.27540000000000003
0.7,0.52,0.364
-0.56,0.09,-0.0504
0.75,-0.17,-0.1275
0.09,-0.63,-0.0567
0.1,-0.66,-0.066
0.63,-0.49,-0.3087
-0.19,0.44,-0.08360000000000001
0.75,-0.22,-0.165
0.62,0.88,0.5456
0.13,-0.28,-0.0364
0.7,-0.11,-0.077
0.19,0.08,0.0152
0.25,-0.16,-0.04
0.51,-0.45,-0.2295
-0.87,0.36,-0.3132
-0.55,-0.39,0.21450000000000002
-0.64,0.75,-0.48
0.07,-0.87,-0.0609
-0.42,-0.5,0.21
-0.14,-0.53,0.07420000000000002
-0.2,-0.72,0.144
0.33,-0.33,-0.10890000000000001
-0.31,-0.88,0.2728
-0.58,0.51,-0.2958
0.58,-0.77,-0.4466
-0.28,-0.46,0.12880000000000003
0.35,0.37,0.1295
0.66,-0.75,-0.495
-0.37,0.11,-0.0407
0.09,-0.56,-0.0504
-0.04,-0.71,0.028399999999999998
-0.29,0.37,-0.10729999999999999
-0.74,-0.3,0.222
0.36,0.96,0.34559999999999996
0.77,-0.31,-0.2387
0.09,0.77,0.0693
0.71,-0.11,-0.0781
-1.0,0.87,-0.87
-0.47,-0.74,0.3478
0.27,0.38,0.10260000000000001
-0.68,-0.44,0.2992
-0.44,-0.85,0.374
-0.81,-0.95,0.7695
0.48,0.28,0.13440000000000002
-0.75,-0.14,0.10500000000000001
-0.47,0.47,-0.22089999999999999
0.87,-0.23,-0.2001
0.67,0.8,0.536
-0.24,0.05,-0.012
-0.89,0.3,-0.267
0.64,-0.23,-0.1472
0.08,-0.42,-0.0336
-0.69,-0.7,0.48299999999999993
0.25,-0.81,-0.2025
0.15,-0.34,-0.051000000000000004
-0.81,0.59,-0.4779
0.05,-0.59,-0.0295
-0.15,-0.07,0.0105
0.16,-0.69,-0.1104
-0.81,0.11,-0.08910000000000001
-0.15,-0.62,0.093
-0.3,0.02,-0.006
0.01,-0.35,-0.0034999999999999996
0.37,-0.25,-0.0925
0.48,-0.02,-0.0096
0.45,0.0,0.0
0.04,0.25,0.01
0.09,0.85,0.0765
0.19,0.32,0.0608
-0.78,0.92,-0.7176
-0.44,0.36,-0.15839999999999999
-0.82,0.68,-0.5576
0.3,0.08,0.024
-0.31,0.92,-0.2852
0.18,0.04,0.0072
-0.18,-0.08,0.0144
0.56,0.53,0.29680000000000006
0.44,0.3,0.132
-0.42,0.91,-0.3822
-0.43,-0.58,0.24939999999999998
0.41,0.48,0.19679999999999997
-0.71,-0.01,0.0070999999999999995
-0.34,0.51,-0.17340000000000003
0.28,0.11,0.030800000000000004
0.44,0.5,0.22
-0.52,0.26,-0.13520000000000001
0.29,-0.4,-0.11599999999999999
-0.31,-0.1,0.031
0.61,0.64,0.3904
0.63,0.68,0.42840000000000006
0.01,-0.34,-0.0034000000000000002
0.65,0.52,0.338
0.45,0.24,0.108
0.77,0.04,0.0308
0.22,-0.19,-0.041800000000000004
-0.91,-0.71,0.6461
0.88,-0.04,-0.0352
0.52,0.68,0.3536
-0.99,0.76,-0.7524
-0.08,-0.65,0.052000000000000005
-0.01,-0.58,0.0058
-0.9,0.53,-0.47700000000000004
0.33,-0.44,-0.1452
-0.46,0.87,-0.4002
-0.67,0.09,-0.0603
-0.3,-0.45,0.135
-0.64,-0.03,0.0192
0.51,-0.71,-0.3621
0.73,0.8,0.584
0.19,-0.57,-0.1083
-0.86,-0.3,0.258
0.54,-0.88,-0.4752
-0.51,-0.6,0.306
0.2,-0.73,-0.146
0.83,0.24,0.1992
0.41,0.42,0.1722
0.41,0.97,0.39769999999999994
-0.86,-0.08,0.0688
0.92,0.85,0.782
-0.36,-0.11,0.039599999999999996
-0.15,-0.39,0.058499999999999996
0.87,0.76,0.6612
0.72,0.07,0.0504
-0.94,0.15,-0.141
-0.46,-0.95,0.437
-0.35,-0.2,0.06999999999999999
0.82,-0.24,-0.19679999999999997
0.01,0.53,0.0053
-0.48,0.26,-0.1248
-0.46,0.36,-0.1656
-0.61,0.47,-0.28669999999999995
0.88,0.66,0.5808
0.33,-0.06,-0.0198
0.36,-0.74,-0.26639999999999997
-0.18,-0.61,0.1098
-0.51,0.03,-0.0153
-0.05,-0.96,0.048
-0.25,0.08,-0.02
-0.04,0.57,-0.022799999999999997
-0.58,-0.34,0.19720000000000001
0.37,0.32,0.1184
-0.15,0.64,-0.096
0.9,-0.93,-0.8370000000000001
-0.17,0.96,-0.1632
-0.18,0.05,-0.009
0.88,0.46,0.4048
-0.34,0.73,-0.2482
-0.62,-0.81,0.5022
0.72,0.11,0.07919999999999999
-0.8,-0.93,0.7440000000000001
0.23,-0.32,-0.0736
0.88,0.34,0.2992
-0.03,0.36,-0.010799999999999999
-0.84,0.15,-0.126
-0.9,-0.76,0.684
-0.16,0.81,-0.12960000000000002
0.36,-0.2,-0.072
0.19,0.71,0.1349
-0.03,-0.68,0.0204
0.76,-0.54,-0.41040000000000004
-0.68,-0.96,0.6528
-0.31,-0.09,0.027899999999999998
-0.36,-0.78,0.2808
-0.67,-0.43,0.2881
0.8,0.75,0.6000000000000001
0.68,0.1,0.068
-0.31,0.88,-0.2728
0.06,-0.55,-0.033
-0.57,0.4,-0.22799999999999998
0.57,0.66,0.3762
0.6,0.8,0.48
-0.97,0.57,-0.5529
0.13,-0.67,-0.08710000000000001
-0.64,0.97,-0.6208
0.65,0.97,0.6305
0.51,0.9,0.459
0.71,-0.42,-0.29819999999999997
-0.46,-0.68,0.3128
-0.69,-0.86,0.5933999999999999
0.82,0.62,0.5084
-0.08,0.63,-0.0504
0.54,0.48,0.2592
-0.67,-0.03,0.0201
0.28,-0.7,-0.196
0.99,0.29,0.28709999999999997
0.35,-0.01,-0.0034999999999999996
0.23,-0.84,-0.1932
-0.99,-0.56,0.5544
0.39,0.69,0.2691
-0.21,0.73,-0.1533
0.42,0.67,0.2814
-0.08,-0.25,0.02
-0.84,0.5,-0.42
0.04,0.6,0.024
0.6,0.72,0.432
0.84,-1.0,-0.84
-0.76,0.14,-0.10640000000000001
-0.78,0.88,-0.6864
-0.62,0.49,-0.3038
0.47,0.3,0.141
0.72,0.01,0.0072
-0.52,0.27,-0.14040000000000002
0.53,-0.6,-0.318
0.3,-0.46,-0.138
0.08,-0.18,-0.0144
0.12,-0.23,-0.0276
-0.65,-0.11,0.07150000000000001
0.48,-0.37,-0.17759999999999998
-0.5,-0.29,0.145
0.95,0.9,0.855
-0.7,0.84,-0.588
-0.37,-0.14,0.051800000000000006
0.66,0.29,0.1914
0.59,0.09,0.053099999999999994
0.35,0.72,0.252
0.24,0.58,0.1392
0.24,-0.36,-0.08639999999999999
-0.3,-0.28,0.084
-0.3,-0.55,0.165
-0.01,0.16,-0.0016
-0.58,0.28,-0.16240000000000002
0.73,0.79,0.5767
0.1,-0.3,-0.03
-0.88,-0.57,0.5015999999999999
0.81,-0.05,-0.04050000000000001
-0.93,-0.38,0.35340000000000005
-0.53,0.47,-0.2491
-0.16,0.13,-0.020800000000000003
0.24,-0.84,-0.20159999999999997
-0.36,0.76,-0.2736
-0.39,-0.47,0.1833
-0.34,-0.06,0.0204
0.08,0.15,0.012
-0.13,0.12,-0.0156
0.02,-0.04,-0.0008
-0.85,-0.12,0.102
-0.49,-0.63,0.3087
-0.83,0.59,-0.48969999999999997
-0.51,-0.16,0.0816
0.14,-0.66,-0.09240000000000001
-0.97,-0.47,0.45589999999999997
0.73,0.32,0.2336
0.12,-0.94,-0.11279999999999998
-0.95,-0.81,0.7695
0.65,0.25,0.1625
-0.94,-0.43,0.40419999999999995
0.47,-0.76,-0.35719999999999996
0.39,0.44,0.1716
0.52,0.36,0.1872
-0.93,0.92,-0.8556
-0.44,0.75,-0.33
-0.93,0.08,-0.07440000000000001
0.04,0.29,0.0116
0.38,-0.16,-0.0608
-0.64,0.01,-0.0064
0.38,-0.58,-0.22039999999999998
0.99,-0.11,-0.1089
0.04,0.01,0.0004
-0.89,-0.12,0.10679999999999999
-0.94,0.33,-0.3102
-0.63,0.48,-0.3024
-0.48,-0.93,0.4464
-0.06,0.12,-0.0072
-0.75,0.86,-0.645
-0.35,0.63,-0.22049999999999997
-0.49,0.94,-0.46059999999999995
-0.05,-0.68,0.034
0.55,0.49,0.2695
-0.96,-0.91,0.8736
-0.94,-0.21,0.1974
-0.08,0.04,-0.0032
0.34,-0.61,-0.2074
-0.24,-0.99,0.23759999999999998
0.17,0.01,0.0017000000000000001
0.7,-0.37,-0.259
-0.05,0.92,-0.046000000000000006
-0.85,0.74,-0.629
-0.97,0.16,-0.1552
0.61,0.55,0.3355
-0.18,0.62,-0.11159999999999999
0.69,-0.65,-0.44849999999999995
0.35,-0.39,-0.13649999999999998
-0.4,-0.61,0.244
0.38,-0.47,-0.17859999999999998
0.79,-0.67,-0.5293000000000001
-0.72,-0.85,0.612
-0.41,-0.03,0.012299999999999998
-0.66,-0.41,0.2706
-0.3,-0.27,0.081
0.2,-0.3,-0.06
0.35,0.49,0.17149999999999999
-0.19,0.83,-0.1577
-0.35,0.97,-0.33949999999999997
-0.51,0.96,-0.4896
-0.59,0.06,-0.035399999999999994
0.02,0.26,0.005200000000000001
0.69,0.48,0.33119999999999994
0.25,-0.25,-0.0625
0.95,-0.47,-0.44649999999999995
-0.85,0.44,-0.374
-0.11,0.65,-0.07150000000000001
0.27,-0.92,-0.24840000000000004
-0.36,0.07,-0.0252
-0.44,0.64,-0.2816
-0.17,0.54,-0.0918
0.25,0.35,0.0875
0.55,0.97,0.5335
-0.63,0.47,-0.2961
-0.55,-0.14,0.07700000000000001
-0.55,-0.37,0.20350000000000001
-0.97,0.0,-0.0
0.6,-0.35,-0.21
-0.1,0.6,-0.06
-0.3,-0.86,0.258
0.74,0.96,0.7103999999999999
-0.22,0.91,-0.20020000000000002
-0.26,-0.45,0.117
-0.47,-0.94,0.44179999999999997
-0.02,-0.42,0.0084
0.93,-0.32,-0.29760000000000003
-0.71,0.69,-0.48989999999999995
0.12,0.8,0.096
-0.06,0.58,-0.0348
-0.7,0.76,-0.5319999999999999
0.75,-0.06,-0.045
0.76,0.49,0.3724
-0.88,-0.08,0.0704
0.96,-0.61,-0.5856
0.09,-0.58,-0.052199999999999996
0.25,0.44,0.11
-0.72,0.91,-0.6552
0.52,-0.9,-0.468
-0.7,0.6,-0.42
-0.27,-0.27,0.0729
-0.1,-0.14,0.014000000000000002
0.84,-0.04,-0.0336
0.73,0.99,0.7227
-0.96,-0.68,0.6528
-0.04,0.77,-0.0308
0.46,0.98,0.45080000000000003
-0.17,-0.76,0.1292
0.13,-0.01,-0.0013000000000000002
0.97,-0.96,-0.9311999999999999
-0.21,0.62,-0.13019999999999998
0.73,-0.47,-0.34309999999999996
-0.98,0.49,-0.48019999999999996
0.15,-0.16,-0.024
-0.37,0.78,-0.2886
-0.57,-0.91,0.5186999999999999
-0.59,0.13,-0.0767
-0.31,0.93,-0.2883
-0.17,-0.72,0.12240000000000001
0.41,0.69,0.2829
0.93,-0.52,-0.48360000000000003
0.98,-0.7,-0.6859999999999999
0.17,0.69,0.1173
0.55,0.82,0.451
-0.94,0.36,-0.3384
-0.89,-0.13,0.11570000000000001
-0.77,-0.67,0.5159
0.7,-0.93,-0.651
-0.11,0.68,-0.0748
0.28,-0.06,-0.016800000000000002
-0.39,-0.26,0.1014
-0.56,0.64,-0.35840000000000005
-0.46,0.85,-0.391
0.54,0.94,0.5076
0.2,-0.44,-0.08800000000000001
-0.5,0.15,-0.075
-0.06,-0.24,0.0144
-0.58,-0.56,0.32480000000000003
0.5,0.87,0.435
-0.06,-0.56,0.033600000000000005
0.68,0.79,0.5372
0.13,-0.91,-0.1183
0.48,0.43,0.2064
0.33,-0.33,-0.10890000000000001
0.77,-0.99,-0.7623
0.41,-0.93,-0.3813
0.11,-0.61,-0.06709999999999999
0.33,0.8,0.264
0.2,-0.87,-0.17400000000000002
-0.5,-0.89,0.445
-0.76,0.85,-0.646
-0.36,0.01,-0.0036
-0.53,0.08,-0.0424
-0.71,0.22,-0.1562
-0.07,-0.36,0.0252
0.03,-0.57,-0.017099999999999997
0.22,0.06,0.0132
0.12,-0.28,-0.033600000000000005
-0.46,0.09,-0.0414
0.93,0.01,0.009300000000000001
0.11,-0.92,-0.1012
-0.62,0.2,-0.124
-0.55,-0.54,0.29700000000000004
0.61,0.56,0.3416
0.51,0.42,0.2142
0.21,0.54,0.1134
-0.64,-0.54,0.3456
-0.32,0.62,-0.1984
0.23,0.39,0.0897
-0.18,-0.6,0.108
0.72,-0.56,-0.4032
0.93,-0.88,-0.8184
0.02,-0.12,-0.0024
-0.88,-0.14,0.12320000000000002
-0.89,-0.39,0.3471
-0.05,-0.79,0.03950000000000001
0.97,0.36,0.34919999999999995
-0.27,0.29,-0.0783
-0.76,-0.31,0.2356
-0.45,0.11,-0.0495
0.64,-0.55,-0.35200000000000004
0.72,0.98,0.7056
0.14,0.87,0.1218
-0.62,-0.04,0.0248
-0.32,-0.92,0.2944
0.94,-0.35,-0.32899999999999996
-0.28,-0.85,0.23800000000000002
0.51,0.05,0.025500000000000002
-0.43,0.4,-0.17200000000000001
-0.38,-0.28,0.10640000000000001
-0.93,-0.81,0.7533000000000001
-0.2,0.59,-0.118
0.52,-0.98,-0.5096
0.47,0.17,0.0799
-0.55,-0.82,0.451
0.61,-0.37,-0.22569999999999998
-0.27,-0.55,0.14850000000000002
-0.93,-0.5,0.465
-0.53,-0.75,0.3975
-0.57,-0.99,0.5642999999999999
-0.1,-0.3,0.03
-0.7,-0.53,0.371
0.0,0.11,0.0
0.37,-0.9,-0.333
-0.6,-0.66,0.396
0.18,0.37,0.06659999999999999
0.66,-0.96,-0.6336
-0.57,0.41,-0.23369999999999996
0.49,0.8,0.392
0.78,0.53,0.41340000000000005
-0.68,0.0,-0.0
-0.28,0.89,-0.24920000000000003
0.6,0.39,0.23399999999999999
0.53,0.02,0.0106
-1.0,-0.19,0.19
-0.76,0.1,-0.07600000000000001
0.73,0.92,0.6716
-0.77,-0.96,0.7392
0.08,-0.61,-0.0488
0.38,0.53,0.20140000000000002
0.14,0.26,0.0364
0.69,0.83,0.5726999999999999
-0.78,-0.91,0.7098000000000001
-0.87,-0.94,0.8178
-0.67,0.86,-0.5762
-0.85,0.82,-0.697
-0.8,-0.6,0.48
0.22,-0.4,-0.08800000000000001
-0.33,-0.87,0.2871
0.32,0.91,0.2912
0.01,-0.82,-0.008199999999999999
0.84,0.33,0.2772
-0.24,0.76,-0.1824
0.57,0.57,0.32489999999999997
-0.96,-0.31,0.2976
0.39,0.62,0.24180000000000001
0.72,-0.56,-0.4032
0.0,-0.32,-0.0
0.06,-0.04,-0.0024
-0.27,0.92,-0.24840000000000004
-0.99,-0.92,0.9108
0.56,0.86,0.48160000000000003
-0.17,-0.66,0.11220000000000001
-0.6,0.19,-0.11399999999999999
-0.29,0.98,-0.28419999999999995
-0.74,0.53,-0.3922
-0.15,-0.69,0.1035
-0.72,-0.47,0.3384
0.68,-0.39,-0.26520000000000005
0.68,-0.7,-0.476
0.87,0.81,0.7047
-0.28,0.84,-0.23520000000000002
-0.79,0.65,-0.5135000000000001
-0.94,0.76,-0.7143999999999999
0.07,-0.38,-0.026600000000000002
0.73,-0.93,-0.6789000000000001
-0.99,0.52,-0.5148
-0.53,0.34,-0.18020000000000003
0.26,-0.32,-0.08320000000000001
-0.51,-0.14,0.0714
0.36,0.17,0.061200000000000004
0.21,0.74,0.15539999999999998
0.97,-0.98,-0.9506
-0.38,-0.54,0.20520000000000002
-0.16,-0.19,0.0304
-0.74,-0.28,0.20720000000000002
0.16,-0.52,-0.08320000000000001
-0.41,0.7,-0.287
0.11,-0.18,-0.019799999999999998
-0.27,-0.83,0.2241
0.03,0.13,0.0039
-0.14,0.29,-0.040600000000000004
0.01,-0.85,-0.0085
-0.92,0.17,-0.1564
0.44,0.47,0.20679999999999998
0.38,-0.53,-0.20140000000000002
-0.08,-0.58,0.0464
0.06,0.07,0.004200000000000001
0.15,0.51,0.0765
-0.05,0.49,-0.0245
0.42,-0.8,-0.336
-0.6,-0.29,0.174
0.52,0.64,0.33280000000000004
-0.33,0.75,-0.2475
-0.13,-0.61,0.0793
0.78,0.78,0.6084
0.44,0.33,0.1452
-0.01,-0.51,0.0051
0.21,-0.08,-0.0168
0.17,0.36,0.061200000000000004
0.63,-0.88,-0.5544
-0.13,-0.82,0.1066
-0.51,0.85,-0.4335
0.47,0.38,0.17859999999999998
0.06,0.31,0.0186
0.45,0.43,0.1935
0.59,-0.98,-0.5781999999999999
0.35,-0.83,-0.2905
0.16,0.76,0.1216
0.39,0.79,0.30810000000000004
0.48,0.47,0.22559999999999997
-0.9,0.64,-0.5760000000000001
-0.76,-0.09,0.0684
-0.87,0.17,-0.1479
0.95,-0.18,-0.17099999999999999
0.05,-0.22,-0.011000000000000001
-0.98,-0.36,0.3528
0.01,0.57,0.005699999999999999
-0.35,-0.71,0.24849999999999997
-0.77,0.39,-0.3003
-1.0,-0.61,0.61
0.73,-0.25,-0.1825
-0.87,0.73,-0.6351
-0.93,-0.39,0.3627
0.68,-0.57,-0.3876
-0.66,0.75,-0.495
-0.14,0.41,-0.0574
0.85,0.23,0.1955
0.07,-0.89,-0.06230000000000001
0.52,0.87,0.4524
0.97,0.92,0.8924
0.02,0.04,0.0008
-0.88,-0.8,0.7040000000000001
0.59,0.19,0.11209999999999999
-0.43,-0.47,0.20209999999999997
-0.48,0.67,-0.3216
0.53,0.04,0.0212
0.6,0.06,0.036
-0.32,0.59,-0.1888
-0.57,-0.97,0.5529
0.99,0.67,0.6633
0.39,-0.55,-0.21450000000000002
0.18,-0.54,-0.09720000000000001
-0.65,0.56,-0.36400000000000005
0.86,-0.13,-0.1118
-0.74,-0.54,0.3996
-0.12,0.35,-0.041999999999999996
0.96,-0.5,-0.48
0.51,-0.35,-0.1785
-0.06,0.05,-0.003
0.96,0.61,0.5856
0.1,0.56,0.05600000000000001
0.8,0.67,0.536
0.7,0.51,0.357
-0.78,-0.22,0.1716
-0.29,-0.85,0.24649999999999997
-0.87,-0.45,0.3915
0.73,0.1,0.073
0.23,-0.98,-0.22540000000000002
0.96,-0.36,-0.34559999999999996
0.31,-0.76,-0.2356
-0.98,-0.56,0.5488000000000001
0.23,-0.7,-0.161
0.97,-0.59,-0.5722999999999999
-0.17,-0.9,0.15300000000000002
-0.73,0.69,-0.5036999999999999
0.22,0.94,0.20679999999999998
0.02,-0.86,-0.0172
0.01,0.48,0.0048
-0.63,-0.73,0.4599
-1.0,-0.7,0.7
0.06,0.08,0.0048
0.3,0.79,0.237
0.02,-0.23,-0.0046
-0.35,-0.75,0.26249999999999996
0.22,-0.36,-0.07919999999999999
-0.7,-0.81,0.567
0.57,0.45,0.2565
-0.54,0.05,-0.027000000000000003
-0.76,0.73,-0.5548
-0.15,-0.49,0.0735
0.63,0.86,0.5418
-0.55,0.11,-0.060500000000000005
-0.75,0.21,-0.1575
-0.88,-0.3,0.264
0.21,0.85,0.1785
-0.65,0.99,-0.6435
0.41,0.99,0.4059
-0.2,-0.95,0.19
-0.35,-0.69,0.24149999999999996
-0.9,0.88,-0.792
0.09,-0.5,-0.045
0.06,-0.96,-0.0576
-0.89,-0.16,0.1424
0.57,-0.81,-0.4617
-0.14,-0.45,0.06300000000000001
0.5,-0.52,-0.26
0.92,-0.56,-0.5152000000000001
-0.37,-0.46,0.17020000000000002
0.53,-0.77,-0.4081
0.9,0.81,0.7290000000000001
0.44,-0.39,-0.1716
0.27,-0.34,-0.0918
-0.76,-0.16,0.1216
-0.08,0.95,-0.076
-0.41,-0.64,0.26239999999999997
0.89,-0.04,-0.0356
0.16,-0.05,-0.008
-0.89,-0.93,0.8277000000000001
-0.48,0.42,-0.20159999999999997
-0.17,-0.81,0.13770000000000002
-0.87,-0.73,0.6351
0.35,-0.18,-0.063
-0.32,-0.66,0.21120000000000003
-0.75,-0.7,0.5249999999999999
0.77,0.89,0.6853
-0.73,-0.13,0.0949
0.83,0.98,0.8133999999999999
-0.6,-0.11,0.066
-0.51,0.9,-0.459
0.49,0.65,0.3185
-0.51,0.23,-0.1173
-0.64,-0.98,0.6272
0.78,-0.65,-0.507
-0.9,-0.14,0.12600000000000003
-0.45,0.06,-0.027
0.0,0.55,0.0
-0.79,-0.97,0.7663
-0.05,0.78,-0.03900000000000001
-0.89,-0.26,0.23140000000000002
-0.36,0.63,-0.2268
-0.29,-0.35,0.10149999999999999
0.71,0.32,0.22719999999999999
0.87,0.05,0.043500000000000004
0.82,0.99,0.8118
-0.03,-0.28,0.008400000000000001
-0.14,-0.49,0.06860000000000001
-0.78,-0.06,0.0468
0.25,-0.24,-0.06
0.54,0.53,0.2862
-0.66,0.37,-0.2442
-0.48,0.68,-0.3264
-0.26,0.76,-0.1976
0.48,-0.46,-0.2208
-0.58,-0.17,0.09860000000000001
0.18,-0.45,-0.081
-0.35,-0.37,0.1295
0.65,-0.58,-0.377
-0.81,-0.61,0.49410000000000004
-0.91,0.48,-0.4368
-0.73,0.9,-0.657
0.95,0.22,0.209
0.1,0.94,0.094
0.97,-0.81,-0.7857000000000001
-0.56,0.08,-0.044800000000000006
0.69,-0.27,-0.1863
-0.91,-0.94,0.8553999999999999
0.8,0.17,0.136
0.54,0.24,0.1296
-0.14,0.07,-0.009800000000000001
0.74,0.66,0.4884
-0.87,0.98,-0.8526
-0.42,-0.38,0.1596
-0.52,-0.57,0.2964
0.27,0.79,0.21330000000000002
0.58,0.42,0.24359999999999998
0.44,-0.98,-0.43119999999999997
0.85,0.12,0.102
-0.03,0.83,-0.0249
0.59,-0.12,-0.07079999999999999
0.36,-0.11,-0.039599999999999996
-0.6,0.84,-0.504
0.11,0.32,0.0352
-0.78,-0.6,0.46799999999999997
-0.75,-0.93,0.6975
-0.86,0.37,-0.3182
0.39,-0.9,-0.35100000000000003
0.4,0.07,0.028000000000000004
-0.13,0.18,-0.0234
-0.69,0.57,-0.3932999999999999
-0.67,0.92,-0.6164000000000001
0.75,-0.03,-0.0225
0.92,-0.74,-0.6808000000000001
-0.25,0.11,-0.0275
0.87,-0.48,-0.41759999999999997
0.95,0.49,0.46549999999999997
0.66,0.9,0.5940000000000001
0.36,0.03,0.010799999999999999
0.16,-0.82,-0.13119999999999998
-0.04,-0.06,0.0024
0.74,0.14,0.10360000000000001
-0.56,0.54,-0.30240000000000006
0.27,-0.63,-0.1701
0.16,0.69,0.1104
0.77,-0.19,-0.1463
0.67,0.81,0.5427000000000001
0.95,-0.4,-0.38
-0.45,-0.66,0.29700000000000004
0.58,0.5,0.29
-0.81,0.34,-0.27540000000000003
-0.17,0.23,-0.0391
-0.22,0.67,-0.1474
0.5,0.68,0.34
-0.6,0.54,-0.324
-0.47,0.13,-0.0611
0.25,0.36,0.09
0.03,0.31,0.0093
-0.33,-0.06,0.0198
0.68,-0.26,-0.1768
-0.05,0.56,-0.028000000000000004
0.79,-0.65,-0.5135000000000001
0.26,-0.21,-0.0546
-0.87,-0.42,0.3654
0.12,-0.96,-0.1152
-0.27,0.27,-0.0729
0.62,0.51,0.3162
-0.81,-0.95,0.7695
0.88,0.32,0.2816
0.93,-0.78,-0.7254
-0.24,0.59,-0.14159999999999998
0.36,0.27,0.09720000000000001
0.87,-0.12,-0.10439999999999999
0.29,0.18,0.052199999999999996
0.61,0.3,0.183
-0.71,0.47,-0.33369999999999994
0.27,-0.32,-0.0864
-0.67,-0.53,0.3551
-0.3,0.79,-0.237
0.66,0.72,0.4752
0.97,-0.21,-0.2037
-0.56,-0.7,0.392
0.93,-0.65,-0.6045
0.85,0.36,0.306
-0.73,0.11,-0.0803
0.26,0.53,0.1378
-0.48,0.37,-0.17759999999999998
0.36,-0.38,-0.1368
0.83,-0.37,-0.3071
-0.01,0.8,-0.008
-0.07,0.65,-0.045500000000000006
0.55,0.15,0.0825
-0.5,0.15,-0.075
0.03,-0.02,-0.0006
0.82,-0.28,-0.2296
0.37,-0.13,-0.048100000000000004
-0.61,-0.08,0.0488
0.44,-0.67,-0.2948
0.6,-0.55,-0.33
-0.69,0.13,-0.0897
-0.11,0.88,-0.0968
0.52,-0.55,-0.28600000000000003
-0.61,-0.95,0.5795
-0.89,0.68,-0.6052000000000001
0.01,-0.06,-0.0006
0.15,-0.77,-0.11549999999999999
0.2,-0.66,-0.132
0.11,-0.06,-0.0066
-0.19,-0.5,0.095
0.44,-0.71,-0.3124
0.33,0.58,0.1914
0.89,-0.24,-0.21359999999999998
-0.97,-0.29,0.2813
0.9,0.52,0.468
0.34,-0.21,-0.0714
-0.27,-0.21,0.0567
-0.06,-0.42,0.025199999999999997
0.57,-0.85,-0.48449999999999993
-0.5,0.99,-0.495
-0.59,-0.5,0.295
0.41,0.47,0.19269999999999998
-0.55,-0.9,0.49500000000000005
0.78,-0.75,-0.585
0.29,0.62,0.1798
0.75,-0.2,-0.15000000000000002
-0.8,-0.19,0.15200000000000002
0.54,-0.01,-0.0054
-0.15,-0.19,0.028499999999999998
0.93,-0.66,-0.6138
-0.63,-0.64,0.4032
-0.94,-0.32,0.3008
0.29,0.52,0.1508
0.4,0.9,0.36000000000000004
0.68,-0.38,-0.2584
-0.29,-0.32,0.0928
0.9,0.58,0.522
0.78,0.99,0.7722
-0.61,0.16,-0.0976
-0.62,0.14,-0.0868
0.92,-0.31,-0.2852
-0.96,0.37,-0.35519999999999996
-0.87,-0.6,0.522
-0.88,0.04,-0.0352
-0.93,-0.45,0.41850000000000004
0.18,-0.9,-0.162
-0.97,-0.16,0.1552
0.74,-0.96,-0.7103999999999999
-0.92,-0.78,0.7176
0.97,-0.09,-0.08729999999999999
-0.47,-0.51,0.2397
-0.65,-0.76,0.49400000000000005
0.22,0.08,0.0176
-0.66,-0.27,0.17820000000000003
0.13,0.4,0.052000000000000005
0.92,-0.24,-0.2208
0.37,-0.61,-0.22569999999999998
-0.4,-0.55,0.22000000000000003
0.64,0.34,0.21760000000000002
0.62,-0.68,-0.42160000000000003
0.47,0.62,0.2914
-0.2,0.99,-0.198
-0.88,0.09,-0.07919999999999999
0.98,-0.85,-0.833
0.98,0.27,0.2646
0.03,0.81,0.024300000000000002
0.37,-0.89,-0.3293
-0.34,0.03,-0.0102
-0.7,0.56,-0.392
-0.31,-0.66,0.2046
0.21,-0.78,-0.1638
0.46,0.43,0.1978
0.59,-0.26,-0.1534
-0.4,0.8,-0.32000000000000006
-0.07,0.39,-0.027300000000000005
-0.45,0.37,-0.1665
-0.95,-0.87,0.8265
0.5,0.04,0.02
-0.13,0.03,-0.0039
0.19,-0.25,-0.0475
-0.14,-0.79,0.11060000000000002
-0.56,0.95,-0.532
-0.44,-0.86,0.3784
-0.99,0.79,-0.7821
-0.93,0.62,-0.5766
-0.27,-0.45,0.12150000000000001
0.56,-0.2,-0.11200000000000002
0.8,-0.79,-0.6320000000000001
-0.99,0.52,-0.5148
0.8,-0.58,-0.46399999999999997
0.01,0.7,0.006999999999999999
0.19,-0.05,-0.009500000000000001
0.08,-0.85,-0.068
-0.23,-1.0,0.23
0.92,0.4,0.36800000000000005
0.72,-0.04,-0.0288
-0.19,0.66,-0.1254
0.59,0.38,0.22419999999999998
-0.28,-0.04,0.011200000000000002
-0.23,-0.26,0.059800000000000006
-0.78,-0.73,0.5694
-0.54,0.86,-0.46440000000000003
0.08,-0.12,-0.0096
-0.41,0.91,-0.3731
-0.56,0.47,-0.2632
0.75,0.68,0.51
-0.43,-0.35,0.1505
0.47,0.69,0.3243
0.09,-0.62,-0.055799999999999995
0.46,-0.89,-0.40940000000000004
0.48,-0.57,-0.27359999999999995
0.4,0.69,0.27599999999999997
-0.86,-0.69,0.5933999999999999
0.94,0.25,0.235
0.54,0.75,0.405
-0.93,0.01,-0.009300000000000001
-0.9,0.91,-0.8190000000000001
0.27,-0.92,-0.24840000000000004
-0.35,-0.91,0.3185
0.53,0.78,0.41340000000000005
-0.01,0.39,-0.0039000000000000003
0.26,-0.17,-0.0442
0.53,-0.3,-0.159
-0.64,-0.72,0.4608
-0.86,0.6,-0.516
0.06,0.91,0.0546
0.01,-0.35,-0.0034999999999999996
-0.81,-0.53,0.42930000000000007
0.22,0.0,0.0
0.46,-0.35,-0.161
-0.42,0.18,-0.0756
-0.7,-0.63,0.44099999999999995
0.24,0.18,0.043199999999999995
0.03,-0.35,-0.010499999999999999
0.89,-0.08,-0.0712
0.15,0.25,0.0375
-0.08,0.04,-0.0032
0.26,-0.34,-0.0884
0.76,-0.66,-0.5016
-0.92,-0.54,0.4968000000000001
0.74,0.66,0.4884
-0.55,0.64,-0.35200000000000004
-0.86,-0.64,0.5504
-0.45,0.37,-0.1665
0.08,-0.83,-0.0664
-0.02,-0.03,0.0006
0.94,0.68,0.6392
0.95,0.72,0.6839999999999999
0.42,0.8,0.336
-0.88,-0.23,0.2024
0.51,0.85,0.4335
-0.58,-0.04,0.0232
0.83,-0.96,-0.7968
0.25,-0.78,-0.195
-0.35,0.12,-0.041999999999999996
-0.58,-0.9,0.522
-0.58,0.21,-0.12179999999999999
-0.46,-0.56,0.25760000000000005
-0.34,0.02,-0.0068000000000000005
0.49,-0.52,-0.2548
-0.79,0.23,-0.18170000000000003
-0.04,-0.19,0.0076
0.22,-0.15,-0.033
-0.25,-0.04,0.01
-0.03,0.52,-0.0156
-0.21,-0.17,0.0357
0.04,0.57,0.022799999999999997
0.12,-0.77,-0.0924
0.77,0.54,0.41580000000000006
-0.01,0.85,-0.0085
0.3,-0.99,-0.297
0.86,-0.52,-0.4472
-0.87,-0.4,0.34800000000000003
-0.17,-0.47,0.0799
-0.02,-0.09,0.0018
0.88,0.56,0.49280000000000007
-0.69,-0.26,0.1794
-0.85,-0.46,0.391
-0.07,0.72,-0.0504
0.87,0.18,0.1566
-0.47,-0.96,0.45119999999999993
0.9,-0.38,-0.342
0.06,-0.33,-0.0198
0.09,0.81,0.0729
-0.11,-0.48,0.0528
0.91,-0.74,-0.6734
-0.39,0.54,-0.2106
-0.77,0.12,-0.0924
-0.19,-0.16,0.0304
-0.07,-0.76,0.053200000000000004
0.13,-0.52,-0.06760000000000001
-0.13,-0.5,0.065
0.42,-1.0,-0.42
0.8,-0.59,-0.472
-0.05,-0.29,0.014499999999999999
0.99,0.11,0.1089
-0.84,-0.58,0.48719999999999997
-0.72,-0.94,0.6768
-0.12,0.4,-0.048
0.58,0.75,0.43499999999999994
0.31,0.17,0.052700000000000004
0.61,0.57,0.34769999999999995
0.12,0.94,0.11279999999999998
-0.15,0.54,-0.081
0.39,-0.47,-0.1833
0.23,-0.46,-0.1058
-0.47,-0.11,0.051699999999999996
-0.72,-0.45,0.324
0.4,0.97,0.388
-0.2,-0.95,0.19
0.23,-0.27,-0.06210000000000001
-0.74,0.68,-0.5032
0.74,-0.27,-0.1998
-0.24,0.82,-0.19679999999999997
0.47,0.34,0.1598
-0.41,-0.04,0.016399999999999998
0.72,0.77,0.5544
0.12,-0.76,-0.0912
0.56,0.88,0.49280000000000007
-0.77,-0.68,0.5236000000000001
0.18,-0.35,-0.063
-0.96,0.38,-0.3648
0.6,-0.18,-0.108
-0.94,-0.95,0.8929999999999999
0.89,0.79,0.7031000000000001
-1.0,-0.28,0.28
-0.02,-0.3,0.006
-0.57,-0.29,0.16529999999999997
0.6,0.97,0.582
0.86,-0.09,-0.0774
-0.07,0.89,-0.06230000000000001
-0.62,-0.27,0.16740000000000002
-0.73,-0.94,0.6861999999999999
0.63,-0.58,-0.3654
0.52,-0.35,-0.182
0.8,-0.33,-0.264
0.27,-0.46,-0.12420000000000002
0.99,-0.69,-0.6830999999999999
0.25,-0.66,-0.165
0.43,0.81,0.3483
0.57,0.38,0.2166
0.73,-0.07,-0.051100000000000007
0.6,0.23,0.138
-0.91,0.07,-0.0637
-0.51,0.85,-0.4335
0.33,0.41,0.1353
-0.83,-0.51,0.4233
0.42,-0.26,-0.1092
0.04,0.11,0.0044
0.79,-0.29,-0.2291
0.74,-0.53,-0.3922
0.0,0.16,0.0
-0.72,-0.32,0.2304
-0.62,-0.94,0.5828
0.79,0.05,0.03950000000000001
0.53,0.02,0.0106
0.44,-0.48,-0.2112
0.36,0.84,0.3024
0.58,0.32,0.1856
0.06,0.76,0.0456
0.13,0.87,0.1131
0.9,0.84,0.756
-0.34,0.66,-0.22440000000000002
0.35,0.16,0.055999999999999994
0.29,0.7,0.20299999999999999
-0.39,-0.27,0.1053
-0.87,0.88,-0.7656
-1.0,-0.06,0.06
-0.98,0.68,-0.6664
-0.24,-0.56,0.13440000000000002
0.19,-0.42,-0.0798
0.04,-0.87,-0.0348
-0.51,0.79,-0.40290000000000004
-0.6,0.25,-0.15
-0.97,-0.21,0.2037
0.75,-0.02,-0.015
0.05,0.92,0.046000000000000006
0.36,-0.9,-0.324
-0.49,-0.46,0.22540000000000002
0.13,0.12,0.0156
0.33,-0.66,-0.21780000000000002
0.76,0.38,0.2888
0.0,0.21,0.0
-0.28,-0.28,0.07840000000000001
-0.63,0.98,-0.6174
-0.25,0.68,-0.17
-0.5,-0.1,0.05
0.77,0.17,0.13090000000000002
0.21,-0.3,-0.063
0.82,0.64,0.5247999999999999
0.26,-0.4,-0.10400000000000001
0.35,-0.41,-0.1435
0.8,0.36,0.288
0.35,0.4,0.13999999999999999
-0.62,-0.16,0.0992
0.41,0.04,0.016399999999999998
0.4,0.34,0.136
0.77,-0.53,-0.4081
-0.82,0.72,-0.5903999999999999
0.33,0.72,0.2376
-0.88,-0.01,0.0088
-0.44,0.06,-0.0264
-0.8,-0.87,0.6960000000000001
0.63,-0.83,-0.5229
0.2,-0.62,-0.124
0.49,0.16,0.0784
-0.52,0.34,-0.1768
0.44,-0.62,-0.2728
-0.62,0.72,-0.44639999999999996
-0.22,0.71,-0.1562
-0.28,0.95,-0.266
0.76,0.34,0.2584
-0.21,0.89,-0.18689999999999998
0.78,-0.78,-0.6084
0.14,-0.44,-0.06160000000000001
-0.98,-0.35,0.34299999999999997
0.19,-0.26,-0.0494
-0.46,-0.86,0.3956
0.14,-0.92,-0.12880000000000003
-0.63,0.63,-0.39690000000000003
0.42,-0.79,-0.3318
0.97,-0.89,-0.8633
-0.78,-0.71,0.5538
-0.45,0.45,-0.2025
-0.8,0.67,-0.536
-0.77,-0.71,0.5467
-0.25,0.61,-0.1525
-0.64,0.05,-0.032
-0.8,0.13,-0.10400000000000001
-0.09,0.76,-0.0684
-0.68,0.21,-0.1428
-0.42,-0.33,0.1386
0.95,0.42,0.39899999999999997
-0.86,-0.34,0.2924
0.07,-0.77,-0.0539
0.01,-0.8,-0.008
0.14,0.62,0.0868
0.25,-0.17,-0.0425
0.37,0.81,0.2997
0.04,-0.74,-0.0296
-0.97,0.06,-0.058199999999999995
0.02,-0.21,-0.0042
0.72,0.35,0.252
-0.75,0.56,-0.42000000000000004
0.45,0.73,0.3285
-0.97,-0.02,0.0194
-0.46,-0.47,0.2162
-0.65,0.85,-0.5525
-0.3,-0.24,0.072
0.89,-0.44,-0.3916
-0.36,-0.26,0.0936
0.96,0.4,0.384
-0.89,0.96,-0.8543999999999999
-0.8,0.36,-0.288
0.55,-0.39,-0.21450000000000002
0.77,0.9,0.6930000000000001
-0.14,0.79,-0.11060000000000002
0.63,-0.46,-0.2898
0.01,-0.36,-0.0036
0.43,0.47,0.20209999999999997
0.12,0.96,0.1152
-0.44,-0.84,0.3696
-0.29,-0.57,0.16529999999999997
0.17,-0.1,-0.017
0.76,-0.67,-0.5092
0.0,-0.99,-0.0
-0.8,-0.63,0.504
-0.44,-0.09,0.039599999999999996
0.48,0.1,0.048
-0.37,0.33,-0.1221
0.88,-0.53,-0.46640000000000004
0.67,0.35,0.2345
0.26,-0.35,-0.091
0.29,0.43,0.12469999999999999
-0.36,-0.25,0.09
0.83,-0.75,-0.6224999999999999
0.69,-0.15,-0.1035
-0.9,0.87,-0.783
-0.19,0.81,-0.1539
-0.4,0.02,-0.008
-0.82,0.1,-0.082
0.75,-0.12,-0.09
0.23,-0.38,-0.0874
-0.48,0.41,-0.19679999999999997
0.53,0.95,0.5035
-0.59,-0.16,0.0944
0.48,0.13,0.0624
0.5,0.22,0.11
0.18,-0.5,-0.09
0.36,-0.53,-0.1908
-0.43,0.96,-0.4128
-0.35,-0.43,0.1505
-0.04,0.15,-0.006
0.68,-0.64,-0.43520000000000003
0.15,0.12,0.018
0.45,0.06,0.027
-0.51,-0.12,0.0612
0.55,-0.63,-0.34650000000000003
-0.74,-0.52,0.38480000000000003
0.3,0.55,0.165
-0.67,-1.0,0.67
0.66,-0.05,-0.033
0.77,0.21,0.1617
0.07,-0.12,-0.008400000000000001
0.92,0.0,0.0
0.61,-0.29,-0.17689999999999997
0.84,-0.49,-0.41159999999999997
-0.49,-0.6,0.294
-0.22,-0.92,0.2024
-0.5,0.3,-0.15
-0.25,-0.65,0.1625
0.24,0.06,0.0144
-0.69,0.34,-0.2346
-0.73,-0.03,0.0219
-0.75,-0.55,0.41250000000000003
-0.5,-0.14,0.07
-0.11,-0.26,0.0286
0.03,-0.82,-0.024599999999999997
0.3,-0.24,-0.072
0.42,-0.68,-0.2856
-0.09,0.4,-0.036
-0.78,0.3,-0.23399999999999999
0.29,-0.69,-0.20009999999999997
-0.16,0.44,-0.0704
0.89,-0.29,-0.2581
0.16,0.84,0.1344
0.1,0.05,0.005000000000000001
-0.59,0.26,-0.1534
-0.67,-0.6,0.402
0.79,0.23,0.18170000000000003
-0.43,0.86,-0.36979999999999996
-0.24,-0.91,0.2184
-0.77,0.8,-0.6160000000000001
-0.33,-0.3,0.099
-0.83,0.55,-0.4565
-0.48,0.03,-0.0144
0.27,-0.44,-0.1188
0.29,0.7,0.20299999999999999
-0.07,0.47,-0.0329
-0.54,0.17,-0.0918
-0.98,0.9,-0.882
-0.53,-0.07,0.03710000000000001
0.52,0.98,0.5096
-0.98,0.7,-0.6859999999999999
-0.22,-0.46,0.1012
0.23,0.72,0.1656
0.17,-0.55,-0.09350000000000001
-0.78,-0.44,0.3432
-0.82,0.94,-0.7707999999999999
0.8,-0.28,-0.22400000000000003
0.62,-0.34,-0.21080000000000002
0.68,0.25,0.17
-0.03,-0.9,0.027
0.35,-0.68,-0.238
0.14,0.39,0.05460000000000001
-0.44,-0.02,0.0088
-0.19,0.67,-0.1273
-0.83,0.51,-0.4233
-0.09,0.93,-0.0837
-0.5,0.47,-0.235
0.01,0.0,0.0
0.83,0.01,0.0083
0.6,0.8,0.48
0.14,-0.26,-0.0364
-0.5,-1.0,0.5
-0.95,-0.88,0.836
0.08,0.2,0.016
0.11,0.17,0.0187
0.26,-0.11,-0.0286
0.95,-0.47,-0.44649999999999995
0.56,0.98,0.5488000000000001
0.62,-0.08,-0.0496
0.6,-0.48,-0.288
-0.53,-0.77,0.4081
-0.43,0.46,-0.1978
-0.79,0.6,-0.474
0.74,-0.93,-0.6882
-0.03,-0.43,0.0129
0.22,0.72,0.15839999999999999
-0.53,0.18,-0.0954
0.53,0.68,0.36040000000000005
0.67,-0.98,-0.6566000000000001
-0.94,-0.45,0.423
-0.7,0.93,-0.651
-0.1,0.53,-0.053000000000000005
0.89,0.04,0.0356
0.76,0.74,0.5624
0.99,-0.53,-0.5247
0.56,-0.61,-0.3416
0.79,-0.19,-0.1501
-0.73,-0.64,0.4672
0.21,-0.41,-0.0861
0.78,0.02,0.015600000000000001
0.76,-0.27,-0.20520000000000002
-0.27,-0.24,0.0648
-0.01,-0.55,0.0055000000000000005
-0.65,-0.79,0.5135000000000001
-0.87,0.02,-0.0174
-0.45,-0.85,0.3825
-0.55,0.7,-0.385
0.92,-0.09,-0.0828
0.83,0.92,0.7636
-0.76,0.73,-0.5548
0.48,-0.35,-0.16799999999999998
-0.25,-0.77,0.1925
-0.42,0.34,-0.1428
0.73,0.84,0.6132
0.49,-0.39,-0.1911
-0.59,-0.44,0.2596
-0.22,-0.94,0.20679999999999998
0.31,-0.7,-0.217
0.17,0.62,0.10540000000000001
0.43,-0.89,-0.3827
-0.1,0.04,-0.004
0.72,-0.72,-0.5184
0.82,0.6,0.49199999999999994
-0.66,-0.67,0.44220000000000004
-0.6,-0.71,0.426
0.19,0.99,0.1881
-0.59,0.85,-0.5015
-0.53,0.68,-0.36040000000000005
-0.76,0.56,-0.42560000000000003
0.46,-0.52,-0.23920000000000002
0.89,0.98,0.8722
-0.72,-0.28,0.2016
0.11,0.4,0.044000000000000004
-0.96,-0.35,0.33599999999999997
-0.49,0.37,-0.1813
0.96,0.8,0.768
0.84,0.38,0.3192
-0.49,0.38,-0.1862
-0.19,0.91,-0.1729
0.07,-0.29,-0.020300000000000002
-0.86,0.17,-0.1462
-0.5,-0.7,0.35
-0.29,-0.33,0.0957
-0.85,-0.47,0.39949999999999997
0.68,-0.83,-0.5644
0.28,0.52,0.1456
-0.28,0.56,-0.15680000000000002
0.86,-0.72,-0.6192
0.32,-0.55,-0.17600000000000002
-0.12,-0.9,0.108
-1.0,-0.18,0.18
0.15,-0.1,-0.015
0.84,0.42,0.35279999999999995
-0.53,0.37,-0.1961
-0.79,-0.13,0.10270000000000001
0.7,0.98,0.6859999999999999
-0.39,-0.21,0.0819
-0.07,-0.84,0.058800000000000005
0.92,0.43,0.3956
0.44,0.24,0.1056
0.99,-0.17,-0.1683
0.59,0.25,0.1475
0.78,0.48,0.3744
-0.34,0.71,-0.2414
-0.91,0.85,-0.7735
-0.12,-0.14,0.016800000000000002
0.06,0.97,0.058199999999999995
0.18,-0.77,-0.1386
-0.51,-0.44,0.22440000000000002
-0.55,-0.82,0.451
-0.95,-0.28,0.266
0.38,-0.43,-0.1634
0.88,0.51,0.44880000000000003
-0.11,0.16,-0.0176
0.59,0.57,0.33629999999999993
0.12,-0.75,-0.09
-0.4,-0.75,0.30000000000000004
-0.05,0.24,-0.012
0.0,0.05,0.0
-0.03,-0.2,0.006
0.09,-0.4,-0.036
-0.07,-0.55,0.038500000000000006
-0.45,-0.96,0.432
-0.87,-0.42,0.3654
0.6,0.84,0.504
-0.87,-0.21,0.1827
0.71,0.81,0.5751000000000001
-0.7,-0.62,0.434
-0.95,0.25,-0.2375
0.23,0.45,0.10350000000000001
0.34,0.92,0.3128
0.38,-0.23,-0.0874
0.14,-0.97,-0.1358
-0.08,0.83,-0.0664
-0.87,0.4,-0.34800000000000003
-0.35,0.71,-0.24849999999999997
-0.66,-0.63,0.4158
0.0,0.75,0.0
-0.61,0.42,-0.2562
0.14,-0.88,-0.12320000000000002
-0.78,-0.65,0.507
-0.85,0.9,-0.765
0.12,-0.51,-0.0612
0.16,0.95,0.152
-0.1,-0.88,0.08800000000000001
-0.57,-0.82,0.4673999999999999
-0.22,0.47,-0.10339999999999999
0.15,0.96,0.144
-0.41,0.82,-0.33619999999999994
0.06,-0.57,-0.034199999999999994
0.01,-0.65,-0.006500000000000001
0.52,-0.14,-0.0728
0.94,-0.45,-0.423
-0.81,0.92,-0.7452000000000001
-0.05,0.87,-0.043500000000000004
0.56,-0.67,-0.37520000000000003
0.94,-0.31,-0.2914
0.67,0.02,0.0134
0.78,0.1,0.07800000000000001
-0.08,0.83,-0.0664
0.92,0.35,0.322
-0.92,-0.12,0.1104
0.38,-0.21,-0.0798
0.31,0.62,0.1922
0.21,0.51,0.1071
-0.94,0.76,-0.7143999999999999
0.59,0.66,0.3894
-0.37,-0.97,0.3589
-0.17,-0.03,0.0051
0.07,0.52,0.0364
-0.78,0.89,-0.6942
0.91,0.29,0.26389999999999997
0.16,-0.96,-0.1536
0.91,-0.45,-0.40950000000000003
0.46,0.76,0.3496
-0.92,-0.83,0.7636
-0.82,-0.52,0.4264
-0.81,-0.1,0.08100000000000002
0.62,0.81,0.5022
0.46,-0.63,-0.2898
0.37,-0.97,-0.3589
0.71,0.35,0.24849999999999997
0.47,0.51,0.2397
0.93,-0.9,-0.8370000000000001
0.91,0.21,0.1911
-0.48,0.47,-0.22559999999999997
-0.15,-0.98,0.147
-0.39,-0.48,0.1872
-0.61,0.17,-0.1037
-0.47,0.78,-0.3666
-0.41,0.17,-0.0697
0.05,0.91,0.045500000000000006
-0.19,-0.42,0.0798
-0.54,-0.23,0.12420000000000002
-0.93,0.94,-0.8742
-0.76,-0.94,0.7143999999999999
-0.48,-0.05,0.024
0.75,-0.34,-0.255
0.95,0.34,0.323
0.19,-0.13,-0.0247
0.84,-0.39,-0.3276
-0.61,-0.14,0.0854
-0.98,-0.13,0.1274
0.59,0.14,0.0826
-0.43,0.44,-0.1892
0.33,-0.61,-0.2013
0.01,0.72,0.0072
0.68,0.38,0.2584
-0.37,0.31,-0.1147
0.18,-0.25,-0.045
0.6,0.58,0.348
0.89,-0.99,-0.8811
0.19,0.36,0.0684
-1.0,-0.35,0.35
0.99,-0.64,-0.6336
0.09,0.34,0.030600000000000002
-0.74,-0.55,0.40700000000000003
0.78,-0.02,-0.015600000000000001
-0.89,-0.64,0.5696
-0.82,-0.62,0.5084
0.54,0.91,0.49140000000000006
0.91,0.81,0.7371000000000001
-0.62,0.27,-0.16740000000000002
0.38,0.77,0.2926
0.77,0.3,0.23099999999999998
0.58,0.57,0.33059999999999995
0.72,0.43,0.3096
-0.41,0.94,-0.38539999999999996
-0.9,0.02,-0.018000000000000002
-0.57,-0.73,0.41609999999999997
-0.07,0.47,-0.0329
0.15,-0.1,-0.015
0.68,0.87,0.5916
0.69,0.08,0.0552
-0.68,0.12,-0.0816
-0.58,-0.3,0.174
-0.41,0.85,-0.3485
-0.1,0.62,-0.062
0.52,-0.88,-0.4576
-0.45,-0.85,0.3825
-0.97,-0.17,0.16490000000000002
0.85,-0.8,-0.68
-0.62,0.52,-0.3224
0.58,0.02,0.0116
-0.1,-0.97,0.097
-0.16,-0.32,0.0512
0.67,0.55,0.36850000000000005
-0.63,0.31,-0.1953
-0.8,0.84,-0.672
0.3,-0.19,-0.056999999999999995
-0.28,-0.7,0.196
0.07,-0.04,-0.0028000000000000004
-0.37,-0.03,0.011099999999999999
-0.17,0.03,-0.0051
0.75,-0.96,-0.72
0.05,0.44,0.022000000000000002
0.48,0.96,0.4608
0.98,-0.46,-0.45080000000000003
0.94,-0.81,-0.7614
-0.82,-0.95,0.7789999999999999
-0.47,-0.66,0.3102
-0.48,-0.83,0.3984
-0.36,0.51,-0.18359999999999999
0.62,-1.0,-0.62
0.51,-0.69,-0.3519
0.59,-0.08,-0.0472
0.99,-0.22,-0.2178
-0.19,0.69,-0.1311
0.67,-0.53,-0.3551
-0.9,-0.26,0.234
-0.43,-0.93,0.39990000000000003
0.53,-0.04,-0.0212
-0.34,0.72,-0.24480000000000002
-0.01,0.52,-0.005200000000000001
-0.68,0.42,-0.2856
-0.46,-0.9,0.41400000000000003
-0.53,0.03,-0.0159
-0.47,-0.09,0.0423
0.01,0.44,0.0044
-0.75,0.43,-0.3225
-0.06,0.85,-0.051
0.23,-0.26,-0.059800000000000006
0.73,0.79,0.5767
0.12,-0.89,-0.10679999999999999
-0.78,-0.19,0.1482
0.91,-0.71,-0.6461
0.67,0.43,0.2881
-0.71,-0.07,0.0497
0.22,0.46,0.1012
-0.71,0.56,-0.3976
-0.08,0.49,-0.0392
0.61,-0.01,-0.0061
0.96,0.11,0.1056
-0.95,-0.37,0.3515
0.74,-0.4,-0.296
0.64,0.46,0.2944
-0.36,-0.16,0.0576
0.3,0.12,0.036
0.31,-0.97,-0.30069999999999997
-0.48,0.83,-0.3984
0.17,0.58,0.09860000000000001
0.0,0.76,0.0
-0.48,-0.73,0.3504
-0.25,0.57,-0.1425
-0.76,0.1,-0.07600000000000001
-0.38,0.52,-0.1976
-0.63,0.54,-0.3402
0.82,0.15,0.12299999999999998
0.52,-0.17,-0.0884
0.52,0.54,0.28080000000000005
0.79,0.21,0.1659
-0.49,-0.53,0.2597
-0.55,0.8,-0.44000000000000006
0.14,-0.21,-0.029400000000000003
-0.89,-0.7,0.623
-0.45,0.89,-0.4005
-0.63,-0.99,0.6237
0.35,-0.94,-0.32899999999999996
-0.62,0.37,-0.2294
0.34,-0.27,-0.0918
0.61,-0.69,-0.42089999999999994
0.84,0.47,0.3948
0.97,-0.85,-0.8245
-0.96,-0.49,0.4704
-0.25,0.22,-0.055
0.48,0.32,0.1536
0.96,0.33,0.3168
0.79,-0.58,-0.4582
0.14,-0.68,-0.09520000000000002
0.06,-0.23,-0.0138
-0.21,0.35,-0.0735
-0.52,-0.93,0.48360000000000003
0.12,-0.18,-0.021599999999999998
-0.25,-0.84,0.21
0.82,-0.03,-0.024599999999999997
-0.36,0.04,-0.0144
-0.33,0.55,-0.18150000000000002
-0.54,-0.41,0.2214
0.92,0.03,0.0276
-0.97,-0.84,0.8148
-0.51,-0.37,0.1887
-0.9,0.26,-0.234
0.01,0.15,0.0015
0.79,-0.15,-0.1185
0.26,-1.0,-0.26
-0.95,0.41,-0.38949999999999996
0.75,0.86,0.645
-0.91,0.89,-0.8099000000000001
-0.54,0.65,-0.35100000000000003
0.22,-0.83,-0.18259999999999998
-0.85,-0.11,0.0935
0.92,-0.27,-0.24840000000000004
0.73,0.71,0.5183
-0.85,0.58,-0.49299999999999994
-0.07,-0.44,0.030800000000000004
0.2,0.71,0.142
0.02,0.71,0.014199999999999999
-0.59,0.28,-0.1652
-0.24,-0.93,0.2232
-0.03,-0.98,0.0294
0.68,0.73,0.4964
-0.39,-0.46,0.1794
0.62,-0.55,-0.341
0.7,0.62,0.434
-0.6,0.18,-0.108
-0.66,-0.33,0.21780000000000002
-0.78,-0.7,0.5459999999999999
-0.25,0.49,-0.1225
0.8,0.56,0.44800000000000006
-0.19,0.23,-0.0437
-0.21,-0.97,0.2037
-0.58,-0.04,0.0232
0.81,-0.28,-0.22680000000000003
-0.57,-0.05,0.028499999999999998
-0.46,-0.37,0.17020000000000002
0.93,0.25,0.2325
-0.2,0.99,-0.198
-0.93,-0.34,0.31620000000000004
0.1,0.52,0.052000000000000005
0.07,0.26,0.0182
-0.17,0.03,-0.0051
0.67,-0.1,-0.067
-0.69,0.14,-0.0966
0.74,0.41,0.3034
-0.76,0.21,-0.1596
0.91,-0.49,-0.4459
0.14,-0.63,-0.08820000000000001
0.93,0.98,0.9114
-0.86,-0.66,0.5676
0.76,0.94,0.7143999999999999
-0.73,0.82,-0.5985999999999999
-0.09,0.58,-0.052199999999999996
0.23,0.31,0.0713
-0.03,0.5,-0.015
0.96,0.21,0.20159999999999997
0.67,0.43,0.2881
0.81,-0.51,-0.4131
-0.33,0.3,-0.099
-0.73,0.21,-0.1533
-0.12,-0.51,0.0612
0.55,0.55,0.30250000000000005
0.0,-0.26,-0.0
0.1,0.68,0.068
0.74,0.32,0.2368
0.57,-0.39,-0.2223
0.91,-0.77,-0.7007
-0.58,-0.14,0.08120000000000001
0.08,0.41,0.032799999999999996
0.0,0.66,0.0
-0.61,0.63,-0.3843
0.9,0.01,0.009000000000000001
-0.19,-0.87,0.1653
-0.63,0.18,-0.1134
0.8,-0.6,-0.48
-0.36,0.95,-0.34199999999999997
0.81,-0.16,-0.12960000000000002
0.1,-0.17,-0.017
0.99,-0.27,-0.26730000000000004
-0.83,0.33,-0.2739
-0.12,0.78,-0.0936
0.01,0.0,0.0
0.86,0.24,0.2064
0.86,-0.68,-0.5848
0.28,0.01,0.0028000000000000004
0.22,-0.36,-0.07919999999999999
0.11,-0.89,-0.0979
-0.96,0.97,-0.9311999999999999
0.47,0.26,0.1222
0.16,-0.21,-0.0336
-0.81,-0.89,0.7209000000000001
-0.66,-0.08,0.05280000000000001
0.2,-0.79,-0.15800000000000003
-0.5,0.57,-0.285
-0.25,-0.14,0.035
-0.92,0.54,-0.4968000000000001
0.14,-0.31,-0.0434
-0.45,-0.16,0.07200000000000001
0.36,-0.1,-0.036
-0.05,0.01,-0.0005
-0.01,0.53,-0.0053
-0.15,0.53,-0.0795
-0.39,-0.54,0.2106
0.73,0.82,0.5985999999999999
-0.87,-0.84,0.7308
-0.48,-0.33,0.1584
0.06,0.47,0.028199999999999996
-0.33,0.65,-0.21450000000000002
-0.83,-0.87,0.7221
0.82,-0.75,-0.615
0.36,-0.48,-0.17279999999999998
-0.07,0.47,-0.0329
-0.2,-0.18,0.036
-0.76,-0.12,0.0912
-0.1,-0.24,0.024
-0.93,-0.58,0.5394
-0.34,0.75,-0.255
-1.0,0.97,-0.97
-0.32,0.14,-0.044800000000000006
0.97,-0.09,-0.08729999999999999
0.33,0.48,0.1584
0.38,-0.54,-0.20520000000000002
-0.57,0.42,-0.23939999999999997
-0.76,-0.77,0.5852
-0.9,0.98,-0.882
-0.67,0.74,-0.4958
0.45,0.38,0.171
-0.9,0.12,-0.108
0.3,-0.66,-0.198
0.12,-0.29,-0.0348
0.74,0.11,0.0814
0.04,-0.48,-0.0192
-0.99,0.75,-0.7424999999999999
0.0,0.54,0.0
0.59,0.72,0.42479999999999996
0.14,0.91,0.1274
0.75,0.03,0.0225
-0.45,-0.59,0.2655
0.74,0.7,0.518
-0.4,-0.89,0.35600000000000004
0.0,-0.84,-0.0
-0.69,0.19,-0.1311
-0.87,0.54,-0.46980000000000005
-0.81,0.22,-0.17820000000000003
-0.54,0.27,-0.1458
-0.78,0.85,-0.663
0.01,0.3,0.003
0.75,0.43,0.3225
0.79,-0.34,-0.2686
0.93,0.92,0.8556
-0.13,0.68,-0.0884
-0.32,-0.03,0.0096
0.67,0.38,0.2546
0.46,0.84,0.3864
0.2,0.74,0.148
0.23,0.25,0.0575
0.76,0.9,0.684
0.33,0.22,0.0726
0.33,-0.02,-0.006600000000000001
0.05,-1.0,-0.05
0.85,0.61,0.5185
0.24,-0.63,-0.1512
-0.88,0.17,-0.1496
0.77,0.59,0.4543
-0.28,0.52,-0.1456
0.92,-0.41,-0.3772
-0.93,0.13,-0.12090000000000001
0.94,-0.57,-0.5357999999999999
-0.14,-0.7,0.098
0.53,-0.09,-0.0477
-0.55,-0.98,0.539
0.14,-0.98,-0.13720000000000002
-0.61,-0.32,0.1952
0.36,0.69,0.24839999999999998
-0.01,-0.85,0.0085
0.59,-0.69,-0.40709999999999996
0.93,-0.1,-0.09300000000000001
-0.11,0.55,-0.060500000000000005
-0.74,-0.71,0.5254
-0.69,0.8,-0.5519999999999999
0.17,-0.88,-0.1496
0.21,-0.04,-0.0084
0.44,-0.76,-0.33440000000000003
0.66,0.99,0.6534
-0.85,-0.16,0.136
0.38,0.95,0.361
-0.65,-0.68,0.44200000000000006
-0.06,0.07,-0.004200000000000001
0.69,-0.46,-0.3174
0.28,-0.07,-0.019600000000000003
-0.04,0.26,-0.010400000000000001
0.64,0.37,0.2368
-0.83,0.25,-0.2075
-0.59,0.55,-0.3245
0.42,0.8,0.336
-0.23,-0.05,0.011500000000000002
-0.5,-0.6,0.3
0.42,0.52,0.2184
-0.91,0.32,-0.2912
0.59,-0.97,-0.5722999999999999
-0.29,0.79,-0.2291
0.3,0.12,0.036
0.92,0.7,0.644
-0.1,-0.74,0.074
0.14,-0.22,-0.030800000000000004
0.61,-0.26,-0.1586
0.55,0.1,0.05500000000000001
0.54,0.07,0.03780000000000001
0.12,0.9,0.108
0.86,0.55,0.47300000000000003
0.01,-0.33,-0.0033000000000000004
0.04,0.73,0.0292
0.66,-0.87,-0.5742
0.2,0.99,0.198
-0.31,-0.48,0.1488
0.99,-0.91,-0.9009
0.1,-0.02,-0.002
-0.81,-0.12,0.09720000000000001
0.87,-0.89,-0.7743
-0.28,-0.42,0.11760000000000001
0.56,0.72,0.4032
0.9,0.75,0.675
-0.98,0.37,-0.3626
-0.03,-0.46,0.0138
0.68,0.65,0.44200000000000006
0.25,-0.94,-0.235
-0.84,-0.89,0.7475999999999999
0.64,-0.75,-0.48
-0.58,0.53,-0.3074
-0.99,-0.53,0.5247
-0.96,0.92,-0.8832
0.67,0.88,0.5896
-0.66,0.74,-0.4884
-0.19,0.52,-0.0988
0.57,-0.95,-0.5415
-0.65,-0.09,0.058499999999999996
0.0,-0.18,-0.0
0.16,-0.59,-0.0944
0.56,0.4,0.22400000000000003
0.86,0.4,0.34400000000000003
-0.6,0.27,-0.162
0.53,0.43,0.22790000000000002
0.77,-0.61,-0.4697
0.3,0.3,0.09
0.6,-0.12,-0.072
-0.11,-0.6,0.066
0.98,-0.49,-0.48019999999999996
0.74,-0.68,-0.5032
0.76,-0.84,-0.6384
0.35,0.43,0.1505
-0.32,-0.84,0.2688
-0.57,0.97,-0.5529
0.98,0.93,0.9114
-0.11,0.46,-0.0506
0.05,-0.67,-0.0335
-0.04,-0.03,0.0012
-0.4,0.07,-0.028000000000000004
-0.29,0.45,-0.1305
-0.17,0.8,-0.136
-0.46,-0.48,0.2208
-0.74,0.26,-0.19240000000000002
0.02,0.18,0.0036
0.9,0.18,0.162
-0.85,0.05,-0.0425
0.81,0.63,0.5103000000000001
-0.56,0.86,-0.48160000000000003
-0.14,0.09,-0.0126
-0.43,-0.34,0.1462
-0.38,-0.27,0.10260000000000001
-0.86,-0.19,0.1634
-0.14,-0.42,0.058800000000000005
0.69,-0.85,-0.5864999999999999
0.2,-0.21,-0.042
-0.41,0.52,-0.2132
-0.12,-0.73,0.0876
-0.62,-0.47,0.2914
-0.15,-0.98,0.147
0.06,-0.43,-0.0258
0.2,0.2,0.04000000000000001
-0.33,-0.85,0.2805
0.63,0.42,0.2646
-0.94,-0.86,0.8083999999999999
-0.23,0.07,-0.016100000000000003
-0.66,-0.14,0.09240000000000001
0.47,-0.25,-0.1175
0.98,-0.23,-0.22540000000000002
0.82,-0.68,-0.5576
0.03,0.07,0.0021000000000000003
-0.78,-0.62,0.48360000000000003
-0.8,-0.34,0.272
0.76,-0.45,-0.342
0.64,0.6,0.384
-0.29,0.58,-0.1682
-0.44,0.07,-0.030800000000000004
-0.5,-0.87,0.435
0.62,-0.84,-0.5207999999999999
0.02,-0.85,-0.017
0.42,0.97,0.4074
0.76,-0.95,-0.722
-0.04,-0.58,0.0232
-0.06,-0.31,0.0186
-0.06,-0.17,0.0102
0.77,0.94,0.7238
0.16,0.58,0.0928
-0.48,-0.39,0.1872
-0.79,-0.88,0.6952
-0.65,-0.87,0.5655
0.99,-0.63,-0.6237
-0.35,0.98,-0.34299999999999997
-0.62,0.51,-0.3162
0.23,0.41,0.0943
-0.63,0.96,-0.6048
0.92,-0.53,-0.48760000000000003
-0.74,0.78,-0.5772
0.79,-0.45,-0.35550000000000004
-0.48,0.76,-0.3648
-0.84,0.29,-0.24359999999999998
-0.06,-0.09,0.005399999999999999
-0.86,-0.81,0.6966
0.88,-0.52,-0.4576
0.91,0.28,0.2548
-0.66,0.59,-0.3894
-0.66,-0.43,0.2838
-0.18,-0.5,0.09
-0.68,-0.81,0.5508000000000001
0.95,-0.84,-0.7979999999999999
0.76,0.2,0.15200000000000002
0.38,0.41,0.1558
0.47,0.29,0.13629999999999998
-0.99,-0.61,0.6039
-0.03,0.75,-0.0225
0.1,0.54,0.054000000000000006
0.97,0.18,0.17459999999999998
-0.99,-0.21,0.2079
0.14,0.78,0.10920000000000002
0.72,-0.07,-0.0504
0.26,0.56,0.1456
0.51,0.37,0.1887
-0.22,0.3,-0.066
-0.17,0.32,-0.054400000000000004
0.39,-0.13,-0.0507
-0.05,-0.44,0.022000000000000002
-0.13,-0.93,0.12090000000000001
-0.78,-0.92,0.7176
0.49,-0.89,-0.4361
-0.81,0.39,-0.3159
0.11,-0.79,-0.0869
0.19,-0.73,-0.1387
-0.17,0.84,-0.1428
-0.72,0.55,-0.396
0.53,0.61,0.32330000000000003
0.87,0.77,0.6699
-0.78,0.91,-0.7098000000000001
0.06,-0.39,-0.0234
0.58,-0.63,-0.3654
0.61,0.61,0.3721
-0.34,-0.76,0.2584
-0.97,-0.24,0.23279999999999998
0.53,-0.41,-0.2173
0.33,-0.08,-0.026400000000000003
-0.15,0.63,-0.0945
-0.73,0.61,-0.4453
-0.99,-0.68,0.6732
0.88,-0.35,-0.308
0.94,-0.14,-0.1316
-0.58,-0.92,0.5336
0.79,-0.62,-0.4898
0.34,-0.4,-0.136
0.39,0.37,0.1443
-0.17,-0.86,0.1462
0.76,-0.75,-0.5700000000000001
0.35,-0.93,-0.3255
0.73,-0.28,-0.20440000000000003
0.43,-0.01,-0.0043
-0.81,0.96,-0.7776000000000001
-0.72,-0.02,0.0144
0.75,0.23,0.17250000000000001
-0.26,0.67,-0.17420000000000002
0.7,-0.54,-0.378
-0.81,-0.01,0.008100000000000001
0.46,-0.65,-0.29900000000000004
0.65,0.56,0.36400000000000005
0.82,0.04,0.032799999999999996
0.51,-0.95,-0.4845
-0.02,0.17,-0.0034000000000000002
0.82,0.95,0.7789999999999999
0.26,0.18,0.0468
0.25,-0.67,-0.1675
0.06,-0.94,-0.05639999999999999
0.55,0.62,0.341
0.52,-0.86,-0.4472
0.5,0.7,0.35
-0.88,0.95,-0.836
0.17,-0.88,-0.1496
-0.7,0.52,-0.364
-0.14,0.24,-0.033600000000000005
-0.92,0.55,-0.5060000000000001
-0.16,-0.53,0.0848
-0.32,-0.94,0.3008
-0.28,-0.91,0.2548
-0.65,-0.42,0.273
-0.66,0.46,-0.30360000000000004
0.21,-0.06,-0.012599999999999998
-0.39,0.19,-0.0741
0.98,0.72,0.7056
0.4,0.49,0.196
0.64,-0.97,-0.6208
0.28,-0.84,-0.23520000000000002
0.04,0.95,0.038
-0.58,0.43,-0.24939999999999998
0.62,-0.75,-0.46499999999999997
0.57,-0.69,-0.3932999999999999
0.46,0.1,0.046000000000000006
-0.75,0.31,-0.23249999999999998
-0.94,-0.74,0.6956
0.85,0.12,0.102
-0.13,-0.77,0.10010000000000001
-0.79,0.38,-0.3002
0.01,-0.84,-0.0084
0.16,-0.46,-0.0736
-0.6,0.83,-0.49799999999999994
0.0,0.55,0.0
-0.77,0.8,-0.6160000000000001
-0.04,-0.46,0.0184
-0.27,-0.25,0.0675
0.65,-0.79,-0.5135000000000001
-0.94,0.22,-0.20679999999999998
0.74,-0.35,-0.259
-0.76,0.99,-0.7524
-0.94,0.08,-0.0752
0.43,0.91,0.3913
-0.37,-0.16,0.0592
0.4,0.59,0.236
0.11,-0.87,-0.0957
0.23,-0.77,-0.1771
-0.64,0.77,-0.4928
0.25,-0.33,-0.0825
0.41,-0.22,-0.09019999999999999
0.39,0.89,0.3471
0.16,-0.77,-0.1232
-0.34,0.71,-0.2414
-0.04,0.16,-0.0064
-0.54,0.75,-0.405
-0.24,-0.48,0.1152
-0.79,0.87,-0.6873
0.83,-0.44,-0.36519999999999997
0.31,0.36,0.11159999999999999
0.22,-0.14,-0.030800000000000004
0.92,-0.43,-0.3956
-0.75,-0.12,0.09
-0.84,-0.86,0.7223999999999999
0.49,-0.58,-0.28419999999999995
-0.35,0.88,-0.308
0.72,-0.78,-0.5616
-0.96,-0.19,0.1824
-0.04,-0.16,0.0064
-0.91,-0.88,0.8008000000000001
-0.09,0.69,-0.062099999999999995
-0.3,-0.31,0.093
0.55,0.14,0.07700000000000001
0.77,0.5,0.385
0.07,0.86,0.060200000000000004
0.73,-0.18,-0.1314
-0.87,-0.93,0.8091
-0.57,0.33,-0.1881
0.27,0.16,0.0432
-0.86,0.88,-0.7568
-0.28,0.38,-0.10640000000000001
0.04,0.05,0.002
0.32,-0.61,-0.1952
-0.83,-0.23,0.1909
0.2,-0.42,-0.084
0.06,-0.49,-0.0294
-0.89,0.18,-0.1602
0.46,0.99,0.4554
0.06,-0.46,-0.0276
-0.01,0.62,-0.0062
-0.81,0.9,-0.7290000000000001
-0.35,0.77,-0.26949999999999996
-0.48,-0.81,0.38880000000000003
-0.67,-0.32,0.2144
0.33,0.35,0.11549999999999999
0.13,-1.0,-0.13
-0.91,0.21,-0.1911
0.43,0.07,0.030100000000000002
0.85,0.99,0.8415
-0.7,-0.35,0.24499999999999997
0.43,0.53,0.22790000000000002
0.16,-0.32,-0.0512
-0.93,-0.66,0.6138
-0.81,-0.33,0.26730000000000004
-0.09,0.85,-0.0765
0.98,-0.37,-0.3626
-0.18,-0.68,0.12240000000000001
0.88,-0.86,-0.7568
-0.21,0.06,-0.012599999999999998
0.38,0.85,0.323
0.37,-0.94,-0.3478
0.4,0.33,0.132
0.75,0.8,0.6000000000000001
0.62,-0.22,-0.1364
0.35,0.05,0.017499999999999998
0.33,0.88,0.2904
0.51,-0.84,-0.4284
-0.56,-0.18,0.1008
0.32,-0.62,-0.1984
-0.77,0.11,-0.0847
-0.35,-0.95,0.33249999999999996
-0.71,0.72,-0.5112
0.59,-0.63,-0.3717
-0.89,-0.22,0.1958
-0.04,0.01,-0.0004
-0.95,-0.95,0.9025
0.24,0.16,0.0384
-0.22,-0.73,0.1606
-0.93,0.66,-0.6138
-0.6,-0.22,0.132
0.74,0.91,0.6734
0.95,-0.7,-0.6649999999999999
-0.94,0.83,-0.7801999999999999
0.32,0.84,0.2688
-0.76,-0.27,0.20520000000000002
0.93,-1.0,-0.93
-0.57,-0.57,0.32489999999999997
0.9,0.7,0.63
-0.88,-0.31,0.2728
-0.6,-0.24,0.144
-0.09,-0.95,0.08549999999999999
-0.83,0.22,-0.18259999999999998
-0.34,0.39,-0.13260000000000002
0.48,0.24,0.1152
-0.56,0.07,-0.039200000000000006
-0.66,-0.86,0.5676
0.57,-0.44,-0.25079999999999997
-0.32,-0.06,0.0192
0.32,0.15,0.048
-0.79,0.11,-0.0869
0.35,0.12,0.041999999999999996
-0.12,-0.09,0.010799999999999999
-0.06,0.12,-0.0072
-0.3,0.17,-0.051000000000000004
-0.76,0.45,-0.342
-0.38,0.48,-0.1824
-0.95,-0.78,0.741
-0.14,0.11,-0.015400000000000002
-0.99,-0.32,0.3168
-0.76,0.03,-0.0228
-0.68,-0.52,0.3536
-0.21,0.14,-0.029400000000000003
-0.51,0.44,-0.22440000000000002
-0.48,-0.98,0.4704
0.84,0.73,0.6132
-0.2,-0.76,0.15200000000000002
-0.64,0.75,-0.48
0.84,0.89,0.7475999999999999
0.22,0.61,0.13419999999999999
0.52,0.71,0.3692
0.97,0.09,0.08729999999999999
-0.23,-0.56,0.12880000000000003
-0.68,-0.63,0.42840000000000006
0.07,0.64,0.044800000000000006
0.8,-0.05,-0.04000000000000001
-0.34,0.85,-0.28900000000000003
0.26,0.69,0.1794
-0.26,-0.32,0.08320000000000001
-0.25,0.29,-0.0725
0.55,-0.87,-0.47850000000000004
-0.15,0.46,-0.069
0.75,0.13,0.0975
-0.27,0.82,-0.2214
-0.68,-0.15,0.10200000000000001
0.92,0.88,0.8096
-0.28,-0.55,0.15400000000000003
0.34,-0.45,-0.15300000000000002
-0.15,0.42,-0.063
0.57,-0.75,-0.4275
-0.21,-0.47,0.0987
-0.74,0.2,-0.148
-0.11,0.83,-0.09129999999999999
0.7,0.68,0.476
-0.04,-0.02,0.0008
0.75,0.78,0.585
-0.19,0.62,-0.1178
0.13,0.16,0.020800000000000003
0.09,0.92,0.0828
0.17,0.58,0.09860000000000001
-0.35,-0.59,0.2065
0.34,0.04,0.013600000000000001
0.0,0.99,0.0
0.11,0.28,0.030800000000000004
0.88,-0.91,-0.8008000000000001
0.07,-0.54,-0.03780000000000001
0.1,0.19,0.019000000000000003
-0.7,-0.4,0.27999999999999997
-0.78,0.14,-0.10920000000000002
-0.85,0.67,-0.5695
-0.76,0.2,-0.15200000000000002
0.86,-0.77,-0.6622
-0.59,-0.9,0.531
0.5,0.04,0.02
0.42,-0.84,-0.35279999999999995
0.42,0.71,0.29819999999999997
-0.85,0.17,-0.14450000000000002
-0.71,-0.37,0.2627
-0.42,-0.76,0.3192
0.82,0.58,0.4755999999999999
-0.91,-0.69,0.6279
-0.48,-0.2,0.096
-0.46,-0.58,0.2668
0.66,-0.98,-0.6468
0.24,-0.84,-0.20159999999999997
-0.14,-0.89,0.12460000000000002
0.47,-0.75,-0.3525
-0.69,0.15,-0.1035
-0.6,0.98,-0.588
-0.36,0.25,-0.09
0.52,-0.42,-0.2184
-0.9,0.92,-0.8280000000000001
-0.06,-0.3,0.018
0.16,-0.01,-0.0016
0.83,-0.39,-0.3237
-0.65,-0.43,0.2795
0.43,-0.19,-0.0817
-0.81,-0.11,0.08910000000000001
-0.6,0.87,-0.522
-0.46,-0.71,0.3266
0.56,0.43,0.24080000000000001
-0.71,-0.67,0.4757
0.39,-0.51,-0.19890000000000002
0.54,-0.91,-0.49140000000000006
0.12,-0.73,-0.0876
0.73,0.55,0.4015
-0.98,0.61,-0.5978
0.39,0.68,0.26520000000000005
0.58,-0.1,-0.057999999999999996
-0.06,0.5,-0.03
0.36,0.37,0.13319999999999999
-0.91,0.79,-0.7189000000000001
-0.12,0.21,-0.025199999999999997
0.0,0.38,0.0
0.63,-0.16,-0.1008
-0.94,0.33,-0.3102
-0.22,-0.48,0.1056
0.21,0.33,0.0693
0.87,0.04,0.0348
-0.41,-0.86,0.35259999999999997
-0.41,0.04,-0.016399999999999998
0.84,0.83,0.6971999999999999
-0.59,-0.99,0.5841
0.37,0.59,0.2183
0.86,0.61,0.5246
-0.95,0.05,-0.0475
0.33,-0.03,-0.0099
0.1,0.17,0.017
-0.46,-0.53,0.24380000000000002
-0.31,0.62,-0.1922
-0.85,0.73,-0.6204999999999999
-0.45,0.75,-0.3375
-0.26,0.6,-0.156
0.4,-0.39,-0.15600000000000003
0.17,-0.33,-0.056100000000000004
0.32,0.94,0.3008
0.21,-0.41,-0.0861
0.32,-0.05,-0.016
-0.48,0.03,-0.0144
0.51,-0.96,-0.4896
-0.25,0.03,-0.0075
0.9,-0.67,-0.6030000000000001
-0.72,0.36,-0.2592
-0.18,0.35,-0.063
0.11,-0.73,-0.0803
-0.6,-0.24,0.144
0.35,-0.17,-0.0595
0.52,-0.44,-0.2288
-0.42,-0.29,0.12179999999999999
-0.82,-0.91,0.7462
-0.24,-0.92,0.2208
0.05,0.13,0.006500000000000001
-0.57,0.98,-0.5586
0.54,0.71,0.3834
0.37,0.53,0.1961
-0.85,-0.98,0.833
-0.41,0.33,-0.1353
0.31,-0.91,-0.2821
0.83,0.81,0.6723
0.33,0.92,0.30360000000000004
0.18,-0.81,-0.1458
-0.02,-0.6,0.012
-0.61,-0.69,0.42089999999999994
0.05,-0.26,-0.013000000000000001
0.15,0.77,0.11549999999999999
-0.16,-0.34,0.054400000000000004
-0.2,0.39,-0.07800000000000001
0.18,-0.14,-0.0252
0.44,-0.55,-0.24200000000000002
-0.25,-1.0,0.25
-0.67,-0.32,0.2144
0.64,0.33,0.21120000000000003
0.05,-0.28,-0.014000000000000002
0.48,-0.11,-0.0528
0.12,-0.73,-0.0876
-0.5,0.78,-0.39
0.18,-0.98,-0.1764
0.5,-0.76,-0.38
-0.46,0.03,-0.0138
0.24,0.2,0.048
-0.97,-0.58,0.5626
-0.64,-0.03,0.0192
-0.87,-0.09,0.0783
0.73,-0.11,-0.0803
0.36,-0.52,-0.1872
0.01,-0.61,-0.0061
-0.3,-0.02,0.006
-0.16,-0.69,0.1104
0.9,-0.21,-0.189
-0.33,0.56,-0.18480000000000002
0.6,-0.35,-0.21
-0.7,0.33,-0.23099999999999998
-0.93,-0.82,0.7626
-0.03,0.81,-0.024300000000000002
-0.83,0.48,-0.3984
-0.08,-0.27,0.0216
0.88,-0.74,-0.6512
0.06,-0.74,-0.044399999999999995
0.47,-1.0,-0.47
-0.22,0.27,-0.0594
-0.95,0.86,-0.817
-0.63,-0.51,0.32130000000000003
-0.91,-0.9,0.8190000000000001
-0.13,-0.41,0.0533
-0.54,-0.02,0.0108
0.42,-0.64,-0.2688
0.85,0.55,0.4675
0.19,0.12,0.0228
-0.31,-0.05,0.0155
0.09,0.34,0.030600000000000002
-0.31,0.91,-0.2821
0.63,0.61,0.3843
0.83,0.71,0.5892999999999999
0.33,0.81,0.26730000000000004
-0.6,0.66,-0.396
-0.78,0.24,-0.1872
-0.6,-0.98,0.588
-0.18,-0.41,0.07379999999999999
-0.06,-0.23,0.0138
-0.8,-0.16,0.128
0.58,-0.33,-0.1914
0.61,0.54,0.3294
-0.1,0.75,-0.07500000000000001
-0.18,-0.24,0.043199999999999995
0.64,-0.66,-0.42240000000000005
-0.73,0.14,-0.10220000000000001
0.13,-0.45,-0.0585
-0.85,-0.56,0.47600000000000003
-0.41,0.96,-0.39359999999999995
-0.3,-0.43,0.129
-0.7,-0.16,0.11199999999999999
-0.61,-0.05,0.0305
-0.73,0.7,-0.511
0.3,-0.44,-0.132
-0.5,0.0,-0.0
0.7,-0.6,-0.42
-0.38,0.51,-0.1938
-0.12,-0.9,0.108
-0.98,0.16,-0.1568
-0.39,0.92,-0.3588
-0.1,0.05,-0.005000000000000001
-0.51,0.41,-0.20909999999999998
-0.94,-0.95,0.8929999999999999
0.52,0.09,0.0468
0.45,-0.34,-0.15300000000000002
-0.51,-0.08,0.0408
-0.44,0.79,-0.3476
-0.24,-0.43,0.1032
0.67,0.58,0.3886
0.73,0.67,0.48910000000000003
-0.54,0.81,-0.43740000000000007
-0.41,-0.19,0.0779
-0.55,0.82,-0.451
0.93,0.19,0.17670000000000002
-0.04,-0.18,0.0072
-0.25,0.17,-0.0425
-0.44,-0.11,0.0484
-0.6,-0.54,0.324
0.58,0.89,0.5162
-0.92,-0.25,0.23
-0.28,0.01,-0.0028000000000000004
0.67,-0.95,-0.6365
0.53,-0.28,-0.14840000000000003
-0.36,0.38,-0.1368
0.13,0.58,0.0754
0.32,0.23,0.0736
0.58,-0.24,-0.1392
0.17,-0.73,-0.1241
-0.93,-0.12,0.1116
-0.92,0.86,-0.7912
-0.8,-0.49,0.392
-0.57,-0.74,0.42179999999999995
-0.99,-0.63,0.6237
-0.15,0.48,-0.072
0.95,-0.15,-0.1425
-0.01,-0.9,0.009000000000000001
-0.56,0.21,-0.11760000000000001
0.97,0.0,0.0
-0.09,-0.96,0.08639999999999999
0.6,0.55,0.33
0.52,-0.49,-0.2548
-0.8,0.95,-0.76
-0.62,0.51,-0.3162
-0.17,-0.19,0.0323
0.19,0.09,0.0171
0.78,0.21,0.1638
0.73,-0.5,-0.365
0.76,-0.64,-0.4864
0.12,-0.8,-0.096
0.42,0.96,0.40319999999999995
-0.1,0.49,-0.049
-0.71,-0.69,0.48989999999999995
0.46,0.1,0.046000000000000006
0.9,0.06,0.054
0.97,-0.49,-0.4753
0.83,-0.86,-0.7138
-0.31,-0.67,0.20770000000000002
-0.69,-0.49,0.33809999999999996
0.97,0.66,0.6402
0.81,0.79,0.6399
0.79,-0.57,-0.4503
-0.69,-0.4,0.27599999999999997
-0.93,-0.04,0.037200000000000004
0.17,-0.88,-0.1496
0.01,-0.84,-0.0084
0.07,0.62,0.0434
-0.72,0.82,-0.5903999999999999
0.13,-0.72,-0.0936
0.23,-0.65,-0.14950000000000002
-0.64,-0.25,0.16
0.34,-0.16,-0.054400000000000004
0.56,-0.4,-0.22400000000000003
0.99,0.55,0.5445
0.74,-0.31,-0.2294
-0.57,0.17,-0.0969
-0.51,-0.42,0.2142
-0.17,0.96,-0.1632
-0.04,-0.06,0.0024
-0.27,-0.75,0.2025
0.35,-0.14,-0.049
0.26,-0.7,-0.182
-0.57,-0.09,0.05129999999999999
0.18,0.92,0.1656
-0.53,-0.01,0.0053
0.64,-0.52,-0.33280000000000004
0.18,0.29,0.052199999999999996
-0.4,-0.62,0.248
-0.31,-0.87,0.2697
0.33,-0.95,-0.3135
0.27,-0.69,-0.1863
0.39,-0.38,-0.1482
-0.73,-0.05,0.0365
-0.85,0.29,-0.24649999999999997
-0.81,0.29,-0.2349
-0.82,-0.19,0.1558
-0.25,-0.73,0.1825
-0.58,-0.99,0.5741999999999999
-0.47,0.19,-0.08929999999999999
-0.55,0.42,-0.231
0.68,-0.81,-0.5508000000000001
-0.45,-0.8,0.36000000000000004
0.72,-0.56,-0.4032
-0.28,-0.8,0.22400000000000003
0.51,0.48,0.2448
-0.21,0.18,-0.0378
0.46,-0.13,-0.059800000000000006
0.26,-0.41,-0.1066
0.64,-0.69,-0.4416
-0.89,0.98,-0.8722
0.85,-0.19,-0.1615
-0.84,-0.26,0.2184
0.58,0.95,0.5509999999999999
-0.64,0.11,-0.0704
-0.03,0.01,-0.0003
-0.72,-0.89,0.6408
-0.09,-0.93,0.0837
-0.33,-0.89,0.2937
0.81,-0.54,-0.43740000000000007
0.95,0.6,0.57
0.29,-0.81,-0.2349
0.19,-0.05,-0.009500000000000001
-0.24,0.99,-0.23759999999999998
0.74,-0.27,-0.1998
0.31,0.65,0.2015
0.6,0.27,0.162
0.82,-0.55,-0.451
0.56,0.31,0.1736
-0.4,0.93,-0.37200000000000005
0.3,0.67,0.201
0.09,0.11,0.009899999999999999
-0.74,0.72,-0.5327999999999999
-0.06,0.77,-0.0462
-0.26,0.11,-0.0286
0.13,0.75,0.0975
0.62,0.62,0.3844
0.5,0.98,0.49
0.61,0.68,0.4148
-0.19,0.96,-0.1824
-0.93,0.81,-0.7533000000000001
0.22,-0.73,-0.1606
0.61,-0.87,-0.5307
0.58,-0.78,-0.45239999999999997
0.06,0.4,0.024
0.06,-0.52,-0.0312
-0.51,-0.26,0.1326
0.84,-0.75,-0.63
0.16,-0.67,-0.1072
0.55,0.35,0.1925
0.86,-0.22,-0.1892
-0.06,-0.13,0.0078
-0.82,0.7,-0.574
-0.51,-0.63,0.32130000000000003
0.39,0.31,0.12090000000000001
-0.83,-0.09,0.07469999999999999
0.47,-0.67,-0.3149
-0.15,0.58,-0.087
-0.47,-0.9,0.423
0.82,-0.24,-0.19679999999999997
-0.16,-0.17,0.027200000000000002
-0.56,0.06,-0.033600000000000005
-0.4,-0.5,0.2
0.14,0.23,0.032200000000000006
0.41,0.69,0.2829
0.2,0.01,0.002
-0.45,-0.36,0.162
0.68,0.14,0.09520000000000002
-0.71,-0.77,0.5467
0.86,0.66,0.5676
-0.41,0.23,-0.0943
-0.12,-0.05,0.006
0.83,0.8,0.664
-0.11,0.77,-0.0847
-0.56,-0.52,0.2912
-0.77,-0.25,0.1925
0.49,-0.02,-0.0098
-0.42,0.31,-0.13019999999999998
0.52,0.44,0.2288
0.49,0.26,0.1274
-0.92,-0.18,0.1656
0.02,-0.43,-0.0086
-0.14,0.03,-0.004200000000000001
-0.67,0.36,-0.2412
0.59,0.39,0.2301
0.32,-0.02,-0.0064
0.59,-0.92,-0.5428
-0.84,-0.63,0.5292
0.03,0.09,0.0026999999999999997
-0.28,-0.03,0.008400000000000001
0.07,0.98,0.06860000000000001
0.09,0.08,0.0072
0.33,0.07,0.023100000000000002
-0.77,-0.99,0.7623
0.12,-0.08,-0.0096
0.89,-0.95,-0.8454999999999999
0.41,-0.44,-0.18039999999999998
0.59,0.24,0.14159999999999998
0.88,-0.25,-0.22
0.6,-0.35,-0.21
-0.83,-0.43,0.3569
0.87,0.39,0.3393
0.14,0.65,0.09100000000000001
0.27,-0.99,-0.26730000000000004
-0.93,-0.49,0.4557
-0.32,-0.98,0.3136
0.38,0.57,0.2166
-0.03,0.08,-0.0024
0.48,0.64,0.3072
0.57,-0.01,-0.005699999999999999
0.99,0.82,0.8118
-0.1,-0.04,0.004
-0.87,-0.76,0.6612
-0.11,-0.63,0.0693
0.01,0.46,0.0046
0.58,0.52,0.3016
-0.66,0.05,-0.033
0.29,-0.58,-0.1682
-0.79,0.87,-0.6873
-0.05,-0.34,0.017
0.13,0.29,0.0377
-0.74,0.32,-0.2368
-0.14,-0.76,0.10640000000000001
-0.56,-0.37,0.20720000000000002
-0.53,-0.75,0.3975
0.85,0.78,0.663
0.98,0.25,0.245
0.87,-0.41,-0.35669999999999996
0.2,-0.11,-0.022000000000000002
-0.96,-0.62,0.5952
0.98,0.68,0.6664
-0.46,0.37,-0.17020000000000002
0.21,0.84,0.17639999999999997
-0.03,0.93,-0.0279
0.96,-0.23,-0.2208
0.13,-0.27,-0.035100000000000006
0.02,0.26,0.005200000000000001
0.49,0.46,0.22540000000000002
-0.04,0.35,-0.013999999999999999
-0.02,0.91,-0.0182
0.93,-0.52,-0.48360000000000003
-0.59,0.52,-0.3068
-0.92,0.21,-0.1932
0.51,-0.21,-0.1071
0.56,0.3,0.168
0.13,0.17,0.0221
0.38,0.32,0.1216
0.46,-0.66,-0.30360000000000004
0.53,0.64,0.3392
0.6,-0.98,-0.588
-0.95,0.61,-0.5795
-0.69,0.88,-0.6072
0.44,-0.41,-0.18039999999999998
0.44,-1.0,-0.44
-0.68,0.98,-0.6664
-0.64,-0.21,0.1344
-0.47,0.45,-0.2115
0.71,0.65,0.46149999999999997
-0.11,0.47,-0.051699999999999996
-0.73,-0.36,0.2628
0.87,-0.14,-0.1218
0.83,0.98,0.8133999999999999
0.06,-0.16,-0.0096
0.51,-0.67,-0.3417
0.53,-0.34,-0.18020000000000003
0.25,0.72,0.18
0.82,-0.89,-0.7298
-0.11,-0.61,0.06709999999999999
0.68,0.66,0.44880000000000003
-0.19,0.88,-0.16720000000000002
0.34,0.61,0.2074
-0.92,0.79,-0.7268000000000001
-0.86,0.38,-0.3268
0.6,0.75,0.44999999999999996
-0.26,0.91,-0.2366
0.88,-0.06,-0.0528
0.49,0.21,0.10289999999999999
0.72,0.59,0.42479999999999996
0.03,-0.14,-0.004200000000000001
0.08,0.54,0.0432
0.66,0.16,0.10560000000000001
0.55,-0.18,-0.099
0.65,-0.29,-0.1885
-0.5,-0.59,0.295
0.74,0.57,0.42179999999999995
-0.95,0.09,-0.08549999999999999
0.11,0.87,0.0957
-0.09,0.91,-0.0819
-0.22,-0.35,0.077
-0.89,0.7,-0.623
0.37,-0.49,-0.1813
-0.96,-0.93,0.8928
0.09,-0.65,-0.058499999999999996
0.94,0.13,0.1222
-0.4,-0.44,0.17600000000000002
0.6,0.28,0.168
0.41,0.93,0.3813
0.01,0.52,0.005200000000000001
-0.65,-0.17,0.11050000000000001
-0.59,-0.9,0.531
0.88,-0.54,-0.4752
-0.68,0.66,-0.44880000000000003
0.5,0.64,0.32
-0.29,0.21,-0.060899999999999996
-0.09,0.0,-0.0
0.48,-0.05,-0.024
0.59,-0.05,-0.0295
0.57,0.63,0.3591
-0.05,0.51,-0.025500000000000002
-0.48,-0.78,0.3744
-0.22,0.13,-0.0286
-0.43,-0.72,0.3096
-0.15,-0.53,0.0795
-0.45,0.81,-0.36450000000000005
0.71,-0.74,-0.5254
-0.05,0.74,-0.037
0.56,-0.64,-0.35840000000000005
-0.71,0.77,-0.5467
0.72,0.12,0.08639999999999999
0.23,0.77,0.1771
-0.35,-0.89,0.3115
-0.44,0.8,-0.35200000000000004
0.38,0.96,0.3648
-0.7,-0.17,0.119
-0.55,0.84,-0.462
-0.02,0.63,-0.0126
-0.76,-0.87,0.6612
-0.89,0.28,-0.24920000000000003
0.13,-0.31,-0.0403
0.99,0.62,0.6138
0.42,0.71,0.29819999999999997
-0.05,-0.5,0.025
-0.48,0.32,-0.1536
0.93,0.5,0.465
0.52,0.75,0.39
-0.98,-0.19,0.1862
0.03,0.89,0.026699999999999998
0.23,-0.68,-0.1564
-0.65,-0.98,0.637
-0.92,-0.06,0.0552
-0.7,0.26,-0.182
0.01,0.85,0.0085
0.21,0.74,0.15539999999999998
0.45,-0.14,-0.06300000000000001
0.09,0.99,0.0891
-0.41,-0.46,0.1886
0.59,0.44,0.2596
0.6,0.05,0.03
0.43,-0.53,-0.22790000000000002
-0.92,0.77,-0.7084
0.11,0.27,0.0297
0.76,0.74,0.5624
-0.26,-0.02,0.005200000000000001
-0.2,-0.97,0.194
-0.14,0.26,-0.0364
-0.62,-0.36,0.22319999999999998
0.78,-0.17,-0.13260000000000002
0.0,-0.93,-0.0
0.42,0.76,0.3192
-0.84,0.44,-0.3696
-0.02,-0.58,0.0116
0.75,-0.42,-0.315
-0.36,-0.9,0.324
0.64,0.6,0.384
0.42,-0.76,-0.3192
0.38,-0.09,-0.0342
0.61,-0.09,-0.0549
-0.64,-0.58,0.3712
0.93,0.25,0.2325
-0.22,0.18,-0.039599999999999996
0.75,-0.8,-0.6000000000000001
0.85,-0.68,-0.5780000000000001
-0.6,-0.31,0.186
-0.89,-0.87,0.7743
0.19,0.53,0.10070000000000001
0.04,0.06,0.0024
0.42,-0.11,-0.0462
0.59,0.95,0.5605
-0.47,-0.54,0.2538
0.22,0.86,0.1892
0.75,0.49,0.3675
0.33,0.08,0.026400000000000003
0.04,0.35,0.013999999999999999
-0.4,-0.55,0.22000000000000003
-0.73,0.94,-0.6861999999999999
-0.15,-0.63,0.0945
-1.0,-0.76,0.76
-0.32,-0.18,0.0576
0.01,0.21,0.0021
0.57,0.94,0.5357999999999999
0.07,0.27,0.018900000000000004
-0.53,-0.21,0.1113
-0.46,-0.22,0.1012
0.74,-0.25,-0.185
0.35,-0.51,-0.1785
0.24,0.05,0.012
-0.44,-0.28,0.12320000000000002
-0.58,-0.08,0.0464
-0.47,0.89,-0.4183
0.23,-0.41,-0.0943
-0.12,0.9,-0.108
0.54,0.91,0.49140000000000006
0.05,0.28,0.014000000000000002
0.0,-0.77,-0.0
0.48,0.47,0.22559999999999997
0.72,-0.65,-0.46799999999999997
-0.38,0.25,-0.095
-0.66,-0.02,0.013200000000000002
0.99,0.32,0.3168
0.54,-0.4,-0.21600000000000003
0.67,0.41,0.2747
0.67,-0.01,-0.0067
-0.05,-0.12,0.006
0.11,-0.52,-0.0572
-0.08,-0.33,0.026400000000000003
0.19,0.58,0.11019999999999999
0.71,-0.29,-0.20589999999999997
-0.76,0.46,-0.3496
0.47,0.92,0.4324
-0.41,0.87,-0.35669999999999996
0.48,0.07,0.033600000000000005
-0.01,0.16,-0.0016
0.04,0.7,0.027999999999999997
0.75,-0.96,-0.72
0.68,0.98,0.6664
-0.58,0.2,-0.11599999999999999
0.14,-0.66,-0.09240000000000001
-0.46,-0.59,0.2714
-0.23,0.84,-0.1932
0.82,0.72,0.5903999999999999
-1.0,-0.43,0.43
0.45,-0.05,-0.022500000000000003
-0.76,-0.43,0.3268
0.95,0.75,0.7124999999999999
-0.9,0.15,-0.135
0.94,0.32,0.3008
-0.9,0.0,-0.0
0.19,0.37,0.0703
-0.88,0.07,-0.06160000000000001
-0.55,-0.55,0.30250000000000005
0.6,-0.5,-0.3
0.82,-0.9,-0.738
-0.98,0.97,-0.9506
-0.12,-0.15,0.018
0.83,-0.45,-0.3735
0.87,-0.38,-0.3306
-0.95,0.66,-0.627
-0.91,0.56,-0.5096
0.92,0.16,0.1472
-0.51,-0.39,0.19890000000000002
-0.6,-0.19,0.11399999999999999
-0.26,-0.62,0.1612
0.69,0.15,0.1035
-0.12,0.22,-0.0264
-0.84,0.85,-0.714
0.59,0.49,0.28909999999999997
-0.72,0.72,-0.5184
0.81,-0.54,-0.43740000000000007
0.57,-0.14,-0.0798
0.4,0.83,0.332
-0.69,0.41,-0.2829
-0.21,-0.37,0.07769999999999999
0.91,-0.75,-0.6825
0.17,-0.3,-0.051000000000000004
-0.86,0.68,-0.5848
0.12,0.75,0.09
-0.56,0.8,-0.44800000000000006
0.9,-0.53,-0.47700000000000004
-0.01,0.13,-0.0013000000000000002
-0.2,-0.27,0.054000000000000006
0.26,-0.29,-0.0754
0.51,-0.62,-0.3162
0.29,-0.67,-0.1943
-0.49,-0.77,0.3773
-0.87,-0.72,0.6264
0.87,0.91,0.7917000000000001
0.53,-0.84,-0.4452
0.35,0.51,0.1785
-0.06,-0.61,0.0366
0.92,0.44,0.4048
-0.6,-0.7,0.42
0.14,0.55,0.07700000000000001
0.7,-0.55,-0.385
0.02,0.18,0.0036
-0.78,0.12,-0.0936
0.64,-0.9,-0.5760000000000001
-0.68,0.67,-0.45560000000000006
0.97,0.48,0.46559999999999996
0.28,-0.58,-0.16240000000000002
0.39,0.17,0.06630000000000001
-0.71,-0.73,0.5183
0.66,-0.49,-0.3234
-0.01,-0.25,0.0025
-0.04,-0.18,0.0072
-0.41,0.59,-0.24189999999999998
0.78,-0.4,-0.31200000000000006
-0.66,0.76,-0.5016
0.56,0.41,0.2296
-0.9,-0.4,0.36000000000000004
0.62,0.1,0.062
0.5,0.17,0.085
-0.1,0.76,-0.07600000000000001
-0.73,-0.53,0.3869
0.38,-0.25,-0.095
0.76,0.55,0.41800000000000004
0.1,0.82,0.082
0.16,0.27,0.0432
-0.14,-0.49,0.06860000000000001
-0.29,-0.58,0.1682
-1.0,0.51,-0.51
-0.8,-0.36,0.288
-0.3,-0.1,0.03
0.59,0.7,0.413
-0.31,-0.89,0.2759
0.71,0.98,0.6958
-0.1,-0.16,0.016
0.75,-0.01,-0.0075
0.71,-0.98,-0.6958
-0.1,0.8,-0.08000000000000002
-0.37,0.43,-0.1591
-0.51,-0.82,0.41819999999999996
0.77,-0.83,-0.6391
-0.38,0.19,-0.0722
-0.99,0.64,-0.6336
-0.09,0.71,-0.0639
0.69,0.51,0.3519
-0.87,-0.36,0.3132
0.89,0.78,0.6942
-0.73,-0.35,0.2555
0.58,0.96,0.5568
0.35,-0.76,-0.26599999999999996
0.55,-0.49,-0.2695
0.41,-0.06,-0.024599999999999997
0.16,-0.01,-0.0016
0.48,-0.01,-0.0048
-0.15,0.3,-0.045
-0.35,0.09,-0.0315
-0.94,-0.47,0.44179999999999997
0.78,0.7,0.5459999999999999
0.28,0.62,0.1736
0.11,-0.01,-0.0011
-0.7,-0.94,0.6579999999999999
0.05,0.98,0.049
0.12,-0.86,-0.1032
-0.57,-0.94,0.5357999999999999
-0.98,0.1,-0.098
0.62,-0.2,-0.124
0.41,-0.82,-0.33619999999999994
0.68,-0.57,-0.3876
0.49,-0.01,-0.0049
0.52,0.19,0.0988
0.85,0.38,0.323
-0.17,0.79,-0.1343
0.33,0.54,0.17820000000000003
-0.36,0.9,-0.324
0.94,-0.89,-0.8366
-0.3,0.62,-0.186
-0.42,0.74,-0.31079999999999997
-0.04,-0.38,0.0152
-0.33,0.26,-0.0858
-0.84,-0.59,0.49559999999999993
-0.31,0.03,-0.0093
-0.37,0.86,-0.3182
0.45,-0.28,-0.12600000000000003
-0.01,0.84,-0.0084
0.89,0.16,0.1424
-0.7,-0.14,0.098
-0.16,-0.44,0.0704
0.53,0.85,0.4505
-0.57,-0.07,0.0399
0.5,-0.69,-0.345
0.13,0.62,0.0806
-0.29,0.89,-0.2581
-0.55,0.27,-0.14850000000000002
-0.47,0.64,-0.3008
0.98,0.91,0.8918
0.03,0.42,0.012599999999999998
0.21,-0.3,-0.063
0.75,0.75,0.5625
0.69,-0.74,-0.5105999999999999
-0.96,0.68,-0.6528
-0.76,-0.2,0.15200000000000002
-0.56,-0.66,0.36960000000000004
-0.58,-0.75,0.43499999999999994
-0.36,-0.19,0.0684
0.75,0.48,0.36
-0.06,-0.35,0.020999999999999998
-0.84,-0.79,0.6636
-0.67,-0.85,0.5695
0.82,-0.61,-0.5002
0.26,0.55,0.14300000000000002
0.89,0.03,0.026699999999999998
-1.0,0.45,-0.45
0.52,0.19,0.0988
-0.36,0.29,-0.10439999999999999
-0.04,0.55,-0.022000000000000002
-0.79,-0.98,0.7742
0.93,0.47,0.4371
-0.87,0.72,-0.6264
0.15,-0.03,-0.0045
-0.26,0.48,-0.1248
-0.87,0.87,-0.7569
-0.05,0.36,-0.018
-0.8,0.81,-0.6480000000000001
-0.1,-0.63,0.063
-0.34,0.12,-0.0408
0.2,-0.63,-0.126
0.63,-0.62,-0.3906
-0.31,-0.98,0.3038
0.44,-0.9,-0.396
0.33,-0.14,-0.046200000000000005
0.98,0.53,0.5194
0.06,0.19,0.0114
-0.1,0.27,-0.027000000000000003
-0.68,0.43,-0.2924
0.16,0.62,0.0992
-0.14,0.98,-0.13720000000000002
0.93,0.93,0.8649000000000001
-0.18,0.88,-0.15839999999999999
0.65,-0.09,-0.058499999999999996
-0.53,0.65,-0.34450000000000003
0.43,-0.8,-0.34400000000000003
0.57,0.74,0.42179999999999995
-0.22,-0.74,0.1628
0.23,0.85,0.1955
-0.74,0.08,-0.0592
0.94,0.1,0.094
0.59,-0.39,-0.2301
0.58,0.54,0.3132
-0.95,-0.45,0.4275
-0.74,0.21,-0.15539999999999998
-0.36,0.56,-0.2016
-0.95,0.23,-0.2185
0.81,-0.98,-0.7938000000000001
0.93,0.72,0.6696
-0.5,0.44,-0.22
0.04,-0.98,-0.0392
0.46,-0.14,-0.06440000000000001
0.94,0.41,0.38539999999999996
0.02,-0.61,-0.0122
-0.73,-0.92,0.6716
-0.01,-0.73,0.0073
-0.04,-0.94,0.0376
-0.65,0.03,-0.0195
-0.83,-0.64,0.5312
-0.26,0.04,-0.010400000000000001
-0.53,0.99,-0.5247
0.92,-0.71,-0.6532
-0.81,0.77,-0.6237
0.4,0.36,0.144
0.16,-0.65,-0.10400000000000001
0.86,0.64,0.5504
0.79,-0.35,-0.27649999999999997
-0.74,-0.77,0.5698
-0.74,-0.09,0.06659999999999999
0.22,0.24,0.0528
0.82,-0.49,-0.4018
0.83,0.41,0.34029999999999994
0.25,0.62,0.155
-0.29,-0.36,0.10439999999999999
-0.53,0.98,-0.5194
0.34,-0.73,-0.2482
-1.0,-0.49,0.49
0.38,-0.92,-0.3496
0.59,-0.13,-0.0767
-0.61,0.43,-0.2623
-0.56,0.97,-0.5432
0.08,-0.14,-0.011200000000000002
0.79,-0.64,-0.5056
-0.45,-0.41,0.1845
0.33,0.9,0.29700000000000004
0.43,-0.88,-0.3784
-0.63,-0.15,0.0945
0.01,0.51,0.0051
0.36,-0.93,-0.3348
0.69,0.53,0.36569999999999997
0.34,0.57,0.1938
-0.12,0.94,-0.11279999999999998
-0.23,0.24,-0.0552
-0.44,0.47,-0.20679999999999998
0.98,0.34,0.3332
0.0,-0.67,-0.0
0.75,0.04,0.03
-0.51,-0.04,0.0204
-0.08,-0.52,0.041600000000000005
0.46,-0.28,-0.12880000000000003
-0.33,-0.34,0.11220000000000001
0.86,0.27,0.23220000000000002
0.46,0.36,0.1656
0.59,-0.99,-0.5841
0.06,0.76,0.0456
-0.32,0.07,-0.022400000000000003
-0.78,0.93,-0.7254
0.05,-0.15,-0.0075
-0.81,-0.76,0.6156
0.62,-0.94,-0.5828
-0.13,-0.72,0.0936
-0.25,0.68,-0.17
0.0,0.88,0.0
-0.75,-0.32,0.24
0.37,-0.38,-0.1406
0.3,-0.94,-0.282
-0.02,0.21,-0.0042
0.15,0.69,0.1035
0.07,-0.08,-0.005600000000000001
-0.18,-0.29,0.052199999999999996
0.89,-0.73,-0.6496999999999999
0.39,-0.76,-0.2964
-0.93,-0.91,0.8463
0.66,-0.78,-0.5148
0.26,0.72,0.1872
0.31,-0.67,-0.20770000000000002
-0.07,-0.27,0.018900000000000004
-0.01,0.89,-0.0089
0.11,0.32,0.0352
0.5,0.33,0.165
0.79,-0.49,-0.3871
-0.13,0.17,-0.0221
0.43,0.76,0.3268
-0.71,-0.74,0.5254
0.69,-0.1,-0.06899999999999999
-0.6,-0.31,0.186
0.72,0.23,0.1656
0.31,0.86,0.2666
0.47,-0.32,-0.1504
0.03,0.02,0.0006
0.66,0.46,0.30360000000000004
-0.47,0.49,-0.23029999999999998
0.33,0.5,0.165
-0.62,0.56,-0.3472
-0.82,0.17,-0.1394
0.31,0.73,0.2263
-0.59,-0.73,0.43069999999999997
-0.02,0.16,-0.0032
0.63,-0.78,-0.4914
0.77,-0.96,-0.7392
-0.44,-0.67,0.2948
-0.86,0.25,-0.215
0.58,-0.91,-0.5277999999999999
0.99,-0.01,-0.0099
0.22,0.23,0.0506
-0.04,0.96,-0.0384
0.07,0.18,0.0126
-0.27,-0.41,0.1107
0.77,0.85,0.6545
0.14,-0.47,-0.0658
0.0,0.6,0.0
0.08,0.39,0.031200000000000002
0.72,0.66,0.4752
-0.65,0.45,-0.29250000000000004
0.73,-0.05,-0.0365
-0.41,-0.85,0.3485
-0.39,0.13,-0.0507
0.91,0.01,0.0091
0.48,-0.67,-0.3216
-0.54,-0.51,0.27540000000000003
0.52,0.52,0.27040000000000003
0.38,0.97,0.3686
-0.16,-0.86,0.1376
-0.17,-0.95,0.1615
-0.61,-0.38,0.2318
-0.02,0.04,-0.0008
-0.73,-0.96,0.7008
0.62,0.54,0.33480000000000004
-0.17,-0.38,0.0646
-0.55,0.28,-0.15400000000000003
-0.93,-0.81,0.7533000000000001
-0.77,0.4,-0.30800000000000005
-0.18,-0.05,0.009
0.17,0.09,0.015300000000000001
-0.76,-1.0,0.76
0.03,0.12,0.0036
0.14,0.0,0.0
-0.66,0.9,-0.5940000000000001
-0.77,-0.93,0.7161000000000001
-0.25,-0.61,0.1525
-0.82,0.7,-0.574
0.97,0.78,0.7566
0.04,0.06,0.0024
0.22,-0.54,-0.1188
-0.18,-0.89,0.1602
-0.25,-0.55,0.1375
-0.97,0.88,-0.8536
0.91,-0.01,-0.0091
0.86,-0.08,-0.0688
-0.81,0.41,-0.3321
-0.65,0.07,-0.045500000000000006
0.35,-0.87,-0.3045
-0.17,0.33,-0.056100000000000004
0.23,0.53,0.12190000000000001
-0.52,0.45,-0.234
-0.21,-0.77,0.1617
0.87,0.85,0.7394999999999999
-0.33,-0.5,0.165
-0.7,-0.2,0.13999999999999999
-0.69,0.34,-0.2346
-0.45,0.98,-0.441
0.25,-0.39,-0.0975
0.66,-0.92,-0.6072000000000001
-0.79,0.91,-0.7189000000000001
-0.05,0.53,-0.026500000000000003
-0.71,-0.69,0.48989999999999995
-0.9,-0.9,0.81
0.91,-0.93,-0.8463
-0.16,0.9,-0.14400000000000002
0.58,-0.35,-0.20299999999999999
-0.45,-0.38,0.171
-0.28,-0.4,0.11200000000000002
-0.08,-0.74,0.0592
-0.59,-0.81,0.4779
-0.52,-0.2,0.10400000000000001
0.4,0.34,0.136
-0.15,0.98,-0.147
0.02,0.57,0.011399999999999999
-0.88,-0.72,0.6335999999999999
0.09,-0.63,-0.0567
0.87,0.67,0.5829000000000001
-0.84,0.19,-0.1596
0.13,0.35,0.0455
0.74,-0.48,-0.35519999999999996
-0.3,0.06,-0.018
0.76,0.79,0.6004
0.74,-0.3,-0.222
0.86,-0.78,-0.6708000000000001
-0.64,0.47,-0.3008
-0.27,-0.21,0.0567
-0.48,-0.64,0.3072
0.93,-0.51,-0.47430000000000005
0.9,-0.56,-0.5040000000000001
0.05,0.19,0.009500000000000001
0.94,0.87,0.8178
-0.72,-0.54,0.38880000000000003
-0.57,0.17,-0.0969
0.78,-0.95,-0.741
-0.88,0.85,-0.748
-0.52,0.69,-0.3588
0.86,-0.34,-0.2924
0.65,-0.19,-0.12350000000000001
-0.56,-0.36,0.2016
0.11,-0.41,-0.045099999999999994
-0.91,-0.85,0.7735
0.84,-0.73,-0.6132
0.12,0.04,0.0048
-0.98,-0.5,0.49
0.03,-0.27,-0.0081
-0.91,0.16,-0.1456
0.57,-0.18,-0.10259999999999998
-0.68,0.7,-0.476
0.26,-0.37,-0.09620000000000001
-0.4,-0.27,0.10800000000000001
-0.31,0.7,-0.217
0.46,0.63,0.2898
0.49,-0.72,-0.3528
0.65,-0.93,-0.6045
0.66,-0.14,-0.09240000000000001
-0.7,-0.65,0.45499999999999996
-0.19,0.25,-0.0475
0.24,-0.74,-0.17759999999999998
0.16,-0.02,-0.0032
0.85,0.9,0.765
0.11,0.77,0.0847
-0.84,-0.99,0.8316
0.45,0.42,0.189
-0.73,0.8,-0.584
-0.46,-0.46,0.2116
0.84,0.64,0.5376
0.41,0.57,0.23369999999999996
-0.35,-0.5,0.175
0.86,0.45,0.387
-0.25,0.39,-0.0975
-0.7,0.34,-0.238
0.54,0.27,0.1458
0.59,0.72,0.42479999999999996
-0.65,-0.55,0.35750000000000004
-0.16,-0.82,0.13119999999999998
-0.73,-0.65,0.4745
-0.8,0.4,-0.32000000000000006
-0.94,-0.69,0.6486
0.31,-0.38,-0.1178
0.34,0.34,0.11560000000000002
-0.42,0.25,-0.105
-0.92,-0.51,0.4692
-0.75,-0.55,0.41250000000000003
-0.21,0.28,-0.058800000000000005
-0.16,-0.35,0.055999999999999994
0.98,0.71,0.6958
-0.22,0.29,-0.0638
-0.08,0.25,-0.02
-0.28,0.98,-0.27440000000000003
0.09,0.44,0.039599999999999996
0.06,-0.91,-0.0546
0.66,-0.67,-0.44220000000000004
-0.9,0.77,-0.6930000000000001
0.29,-0.73,-0.21169999999999997
0.71,0.91,0.6461
0.3,-0.73,-0.219
-0.71,0.63,-0.4473
0.88,0.25,0.22
-0.82,-0.25,0.205
-0.58,0.01,-0.0058
0.75,0.11,0.0825
-0.8,-0.34,0.272
0.65,-0.99,-0.6435
0.01,-0.05,-0.0005
0.81,0.94,0.7614
-0.1,0.56,-0.05600000000000001
0.05,-0.31,-0.0155
0.15,-0.13,-0.0195
-0.96,-0.71,0.6816
0.99,0.38,0.3762
-0.18,0.28,-0.0504
0.67,0.61,0.4087
-0.51,-0.66,0.3366
0.86,0.39,0.33540000000000003
0.32,-0.96,-0.3072
-0.99,0.37,-0.3663
0.85,-0.96,-0.816
-0.78,0.34,-0.26520000000000005
-0.96,0.09,-0.08639999999999999
-0.83,-0.72,0.5975999999999999
-0.86,0.04,-0.0344
0.97,-0.22,-0.2134
0.24,-0.31,-0.0744
0.42,-1.0,-0.42
-0.92,-0.79,0.7268000000000001
0.53,0.48,0.2544
-0.81,-0.4,0.32400000000000007
-0.03,-0.84,0.025199999999999997
0.92,0.61,0.5612
-0.72,0.18,-0.1296
0.8,-0.17,-0.136
-0.89,0.54,-0.4806
0.18,-0.86,-0.1548
0.06,0.91,0.0546
0.09,0.68,0.061200000000000004
-0.05,0.5,-0.025
